release_level,modality,file_pattern,column_name,description,unit,time_base_or_notes,missing_value_convention
raw,sEMG,emg_*_2000Hz.csv,unix_ts,Unix epoch timestamp assigned to the sample.,seconds,Time base is stated by the field name; do not assume interchangeability across modalities.,Missing numeric values are represented as empty CSV cells/NaN; consult QC flags and manifests.
raw,sEMG,emg_*_2000Hz.csv,EMG 1,Surface-EMG sample from the numbered forearm sensor.,native stream units; see release metadata,P025 has EMG 1--7 only.,Missing numeric values are represented as empty CSV cells/NaN; consult QC flags and manifests.
raw,sEMG,emg_*_2000Hz.csv,EMG 2,Surface-EMG sample from the numbered forearm sensor.,native stream units; see release metadata,P025 has EMG 1--7 only.,Missing numeric values are represented as empty CSV cells/NaN; consult QC flags and manifests.
raw,sEMG,emg_*_2000Hz.csv,EMG 3,Surface-EMG sample from the numbered forearm sensor.,native stream units; see release metadata,P025 has EMG 1--7 only.,Missing numeric values are represented as empty CSV cells/NaN; consult QC flags and manifests.
raw,sEMG,emg_*_2000Hz.csv,EMG 4,Surface-EMG sample from the numbered forearm sensor.,native stream units; see release metadata,P025 has EMG 1--7 only.,Missing numeric values are represented as empty CSV cells/NaN; consult QC flags and manifests.
raw,sEMG,emg_*_2000Hz.csv,EMG 5,Surface-EMG sample from the numbered forearm sensor.,native stream units; see release metadata,P025 has EMG 1--7 only.,Missing numeric values are represented as empty CSV cells/NaN; consult QC flags and manifests.
raw,sEMG,emg_*_2000Hz.csv,EMG 6,Surface-EMG sample from the numbered forearm sensor.,native stream units; see release metadata,P025 has EMG 1--7 only.,Missing numeric values are represented as empty CSV cells/NaN; consult QC flags and manifests.
raw,sEMG,emg_*_2000Hz.csv,EMG 7,Surface-EMG sample from the numbered forearm sensor.,native stream units; see release metadata,P025 has EMG 1--7 only.,Missing numeric values are represented as empty CSV cells/NaN; consult QC flags and manifests.
raw,sEMG,emg_*_2000Hz.csv,EMG 8,Surface-EMG sample from the numbered forearm sensor.,native stream units; see release metadata,P025 has EMG 1--7 only.,Missing numeric values are represented as empty CSV cells/NaN; consult QC flags and manifests.
raw,sEMG (P025),P025/emg_*_2000Hz.csv,unix_ts,Unix epoch timestamp assigned to the sample.,seconds,Time base is stated by the field name; do not assume interchangeability across modalities. P025 intentionally contains seven EMG channels.,Missing numeric values are represented as empty CSV cells/NaN; consult QC flags and manifests.
raw,sEMG (P025),P025/emg_*_2000Hz.csv,EMG 1,Surface-EMG sample from the numbered forearm sensor.,native stream units; see release metadata,P025 has EMG 1--7 only. P025 intentionally contains seven EMG channels.,Missing numeric values are represented as empty CSV cells/NaN; consult QC flags and manifests.
raw,sEMG (P025),P025/emg_*_2000Hz.csv,EMG 2,Surface-EMG sample from the numbered forearm sensor.,native stream units; see release metadata,P025 has EMG 1--7 only. P025 intentionally contains seven EMG channels.,Missing numeric values are represented as empty CSV cells/NaN; consult QC flags and manifests.
raw,sEMG (P025),P025/emg_*_2000Hz.csv,EMG 3,Surface-EMG sample from the numbered forearm sensor.,native stream units; see release metadata,P025 has EMG 1--7 only. P025 intentionally contains seven EMG channels.,Missing numeric values are represented as empty CSV cells/NaN; consult QC flags and manifests.
raw,sEMG (P025),P025/emg_*_2000Hz.csv,EMG 4,Surface-EMG sample from the numbered forearm sensor.,native stream units; see release metadata,P025 has EMG 1--7 only. P025 intentionally contains seven EMG channels.,Missing numeric values are represented as empty CSV cells/NaN; consult QC flags and manifests.
raw,sEMG (P025),P025/emg_*_2000Hz.csv,EMG 5,Surface-EMG sample from the numbered forearm sensor.,native stream units; see release metadata,P025 has EMG 1--7 only. P025 intentionally contains seven EMG channels.,Missing numeric values are represented as empty CSV cells/NaN; consult QC flags and manifests.
raw,sEMG (P025),P025/emg_*_2000Hz.csv,EMG 6,Surface-EMG sample from the numbered forearm sensor.,native stream units; see release metadata,P025 has EMG 1--7 only. P025 intentionally contains seven EMG channels.,Missing numeric values are represented as empty CSV cells/NaN; consult QC flags and manifests.
raw,sEMG (P025),P025/emg_*_2000Hz.csv,EMG 7,Surface-EMG sample from the numbered forearm sensor.,native stream units; see release metadata,P025 has EMG 1--7 only. P025 intentionally contains seven EMG channels.,Missing numeric values are represented as empty CSV cells/NaN; consult QC flags and manifests.
raw,IMU,imu_*_200Hz.csv,unix_ts,Unix epoch timestamp assigned to the sample.,seconds,Time base is stated by the field name; do not assume interchangeability across modalities.,Missing numeric values are represented as empty CSV cells/NaN; consult QC flags and manifests.
raw,IMU,imu_*_200Hz.csv,IMU 1_ax,Accelerometer component ax from IMU 1.,native stream units; see release metadata,Nine IMU fields per enabled sensor; P025 has sensors 1--7 only.,Missing numeric values are represented as empty CSV cells/NaN; consult QC flags and manifests.
raw,IMU,imu_*_200Hz.csv,IMU 1_ay,Accelerometer component ay from IMU 1.,native stream units; see release metadata,Nine IMU fields per enabled sensor; P025 has sensors 1--7 only.,Missing numeric values are represented as empty CSV cells/NaN; consult QC flags and manifests.
raw,IMU,imu_*_200Hz.csv,IMU 1_az,Accelerometer component az from IMU 1.,native stream units; see release metadata,Nine IMU fields per enabled sensor; P025 has sensors 1--7 only.,Missing numeric values are represented as empty CSV cells/NaN; consult QC flags and manifests.
raw,IMU,imu_*_200Hz.csv,IMU 1_gx,Gyroscope component gx from IMU 1.,native stream units; see release metadata,Nine IMU fields per enabled sensor; P025 has sensors 1--7 only.,Missing numeric values are represented as empty CSV cells/NaN; consult QC flags and manifests.
raw,IMU,imu_*_200Hz.csv,IMU 1_gy,Gyroscope component gy from IMU 1.,native stream units; see release metadata,Nine IMU fields per enabled sensor; P025 has sensors 1--7 only.,Missing numeric values are represented as empty CSV cells/NaN; consult QC flags and manifests.
raw,IMU,imu_*_200Hz.csv,IMU 1_gz,Gyroscope component gz from IMU 1.,native stream units; see release metadata,Nine IMU fields per enabled sensor; P025 has sensors 1--7 only.,Missing numeric values are represented as empty CSV cells/NaN; consult QC flags and manifests.
raw,IMU,imu_*_200Hz.csv,IMU 1_mx,Magnetometer component mx from IMU 1.,native stream units; see release metadata,Nine IMU fields per enabled sensor; P025 has sensors 1--7 only.,Missing numeric values are represented as empty CSV cells/NaN; consult QC flags and manifests.
raw,IMU,imu_*_200Hz.csv,IMU 1_my,Magnetometer component my from IMU 1.,native stream units; see release metadata,Nine IMU fields per enabled sensor; P025 has sensors 1--7 only.,Missing numeric values are represented as empty CSV cells/NaN; consult QC flags and manifests.
raw,IMU,imu_*_200Hz.csv,IMU 1_mz,Magnetometer component mz from IMU 1.,native stream units; see release metadata,Nine IMU fields per enabled sensor; P025 has sensors 1--7 only.,Missing numeric values are represented as empty CSV cells/NaN; consult QC flags and manifests.
raw,IMU,imu_*_200Hz.csv,IMU 2_ax,Accelerometer component ax from IMU 2.,native stream units; see release metadata,Nine IMU fields per enabled sensor; P025 has sensors 1--7 only.,Missing numeric values are represented as empty CSV cells/NaN; consult QC flags and manifests.
raw,IMU,imu_*_200Hz.csv,IMU 2_ay,Accelerometer component ay from IMU 2.,native stream units; see release metadata,Nine IMU fields per enabled sensor; P025 has sensors 1--7 only.,Missing numeric values are represented as empty CSV cells/NaN; consult QC flags and manifests.
raw,IMU,imu_*_200Hz.csv,IMU 2_az,Accelerometer component az from IMU 2.,native stream units; see release metadata,Nine IMU fields per enabled sensor; P025 has sensors 1--7 only.,Missing numeric values are represented as empty CSV cells/NaN; consult QC flags and manifests.
raw,IMU,imu_*_200Hz.csv,IMU 2_gx,Gyroscope component gx from IMU 2.,native stream units; see release metadata,Nine IMU fields per enabled sensor; P025 has sensors 1--7 only.,Missing numeric values are represented as empty CSV cells/NaN; consult QC flags and manifests.
raw,IMU,imu_*_200Hz.csv,IMU 2_gy,Gyroscope component gy from IMU 2.,native stream units; see release metadata,Nine IMU fields per enabled sensor; P025 has sensors 1--7 only.,Missing numeric values are represented as empty CSV cells/NaN; consult QC flags and manifests.
raw,IMU,imu_*_200Hz.csv,IMU 2_gz,Gyroscope component gz from IMU 2.,native stream units; see release metadata,Nine IMU fields per enabled sensor; P025 has sensors 1--7 only.,Missing numeric values are represented as empty CSV cells/NaN; consult QC flags and manifests.
raw,IMU,imu_*_200Hz.csv,IMU 2_mx,Magnetometer component mx from IMU 2.,native stream units; see release metadata,Nine IMU fields per enabled sensor; P025 has sensors 1--7 only.,Missing numeric values are represented as empty CSV cells/NaN; consult QC flags and manifests.
raw,IMU,imu_*_200Hz.csv,IMU 2_my,Magnetometer component my from IMU 2.,native stream units; see release metadata,Nine IMU fields per enabled sensor; P025 has sensors 1--7 only.,Missing numeric values are represented as empty CSV cells/NaN; consult QC flags and manifests.
raw,IMU,imu_*_200Hz.csv,IMU 2_mz,Magnetometer component mz from IMU 2.,native stream units; see release metadata,Nine IMU fields per enabled sensor; P025 has sensors 1--7 only.,Missing numeric values are represented as empty CSV cells/NaN; consult QC flags and manifests.
raw,IMU,imu_*_200Hz.csv,IMU 3_ax,Accelerometer component ax from IMU 3.,native stream units; see release metadata,Nine IMU fields per enabled sensor; P025 has sensors 1--7 only.,Missing numeric values are represented as empty CSV cells/NaN; consult QC flags and manifests.
raw,IMU,imu_*_200Hz.csv,IMU 3_ay,Accelerometer component ay from IMU 3.,native stream units; see release metadata,Nine IMU fields per enabled sensor; P025 has sensors 1--7 only.,Missing numeric values are represented as empty CSV cells/NaN; consult QC flags and manifests.
raw,IMU,imu_*_200Hz.csv,IMU 3_az,Accelerometer component az from IMU 3.,native stream units; see release metadata,Nine IMU fields per enabled sensor; P025 has sensors 1--7 only.,Missing numeric values are represented as empty CSV cells/NaN; consult QC flags and manifests.
raw,IMU,imu_*_200Hz.csv,IMU 3_gx,Gyroscope component gx from IMU 3.,native stream units; see release metadata,Nine IMU fields per enabled sensor; P025 has sensors 1--7 only.,Missing numeric values are represented as empty CSV cells/NaN; consult QC flags and manifests.
raw,IMU,imu_*_200Hz.csv,IMU 3_gy,Gyroscope component gy from IMU 3.,native stream units; see release metadata,Nine IMU fields per enabled sensor; P025 has sensors 1--7 only.,Missing numeric values are represented as empty CSV cells/NaN; consult QC flags and manifests.
raw,IMU,imu_*_200Hz.csv,IMU 3_gz,Gyroscope component gz from IMU 3.,native stream units; see release metadata,Nine IMU fields per enabled sensor; P025 has sensors 1--7 only.,Missing numeric values are represented as empty CSV cells/NaN; consult QC flags and manifests.
raw,IMU,imu_*_200Hz.csv,IMU 3_mx,Magnetometer component mx from IMU 3.,native stream units; see release metadata,Nine IMU fields per enabled sensor; P025 has sensors 1--7 only.,Missing numeric values are represented as empty CSV cells/NaN; consult QC flags and manifests.
raw,IMU,imu_*_200Hz.csv,IMU 3_my,Magnetometer component my from IMU 3.,native stream units; see release metadata,Nine IMU fields per enabled sensor; P025 has sensors 1--7 only.,Missing numeric values are represented as empty CSV cells/NaN; consult QC flags and manifests.
raw,IMU,imu_*_200Hz.csv,IMU 3_mz,Magnetometer component mz from IMU 3.,native stream units; see release metadata,Nine IMU fields per enabled sensor; P025 has sensors 1--7 only.,Missing numeric values are represented as empty CSV cells/NaN; consult QC flags and manifests.
raw,IMU,imu_*_200Hz.csv,IMU 4_ax,Accelerometer component ax from IMU 4.,native stream units; see release metadata,Nine IMU fields per enabled sensor; P025 has sensors 1--7 only.,Missing numeric values are represented as empty CSV cells/NaN; consult QC flags and manifests.
raw,IMU,imu_*_200Hz.csv,IMU 4_ay,Accelerometer component ay from IMU 4.,native stream units; see release metadata,Nine IMU fields per enabled sensor; P025 has sensors 1--7 only.,Missing numeric values are represented as empty CSV cells/NaN; consult QC flags and manifests.
raw,IMU,imu_*_200Hz.csv,IMU 4_az,Accelerometer component az from IMU 4.,native stream units; see release metadata,Nine IMU fields per enabled sensor; P025 has sensors 1--7 only.,Missing numeric values are represented as empty CSV cells/NaN; consult QC flags and manifests.
raw,IMU,imu_*_200Hz.csv,IMU 4_gx,Gyroscope component gx from IMU 4.,native stream units; see release metadata,Nine IMU fields per enabled sensor; P025 has sensors 1--7 only.,Missing numeric values are represented as empty CSV cells/NaN; consult QC flags and manifests.
raw,IMU,imu_*_200Hz.csv,IMU 4_gy,Gyroscope component gy from IMU 4.,native stream units; see release metadata,Nine IMU fields per enabled sensor; P025 has sensors 1--7 only.,Missing numeric values are represented as empty CSV cells/NaN; consult QC flags and manifests.
raw,IMU,imu_*_200Hz.csv,IMU 4_gz,Gyroscope component gz from IMU 4.,native stream units; see release metadata,Nine IMU fields per enabled sensor; P025 has sensors 1--7 only.,Missing numeric values are represented as empty CSV cells/NaN; consult QC flags and manifests.
raw,IMU,imu_*_200Hz.csv,IMU 4_mx,Magnetometer component mx from IMU 4.,native stream units; see release metadata,Nine IMU fields per enabled sensor; P025 has sensors 1--7 only.,Missing numeric values are represented as empty CSV cells/NaN; consult QC flags and manifests.
raw,IMU,imu_*_200Hz.csv,IMU 4_my,Magnetometer component my from IMU 4.,native stream units; see release metadata,Nine IMU fields per enabled sensor; P025 has sensors 1--7 only.,Missing numeric values are represented as empty CSV cells/NaN; consult QC flags and manifests.
raw,IMU,imu_*_200Hz.csv,IMU 4_mz,Magnetometer component mz from IMU 4.,native stream units; see release metadata,Nine IMU fields per enabled sensor; P025 has sensors 1--7 only.,Missing numeric values are represented as empty CSV cells/NaN; consult QC flags and manifests.
raw,IMU,imu_*_200Hz.csv,IMU 5_ax,Accelerometer component ax from IMU 5.,native stream units; see release metadata,Nine IMU fields per enabled sensor; P025 has sensors 1--7 only.,Missing numeric values are represented as empty CSV cells/NaN; consult QC flags and manifests.
raw,IMU,imu_*_200Hz.csv,IMU 5_ay,Accelerometer component ay from IMU 5.,native stream units; see release metadata,Nine IMU fields per enabled sensor; P025 has sensors 1--7 only.,Missing numeric values are represented as empty CSV cells/NaN; consult QC flags and manifests.
raw,IMU,imu_*_200Hz.csv,IMU 5_az,Accelerometer component az from IMU 5.,native stream units; see release metadata,Nine IMU fields per enabled sensor; P025 has sensors 1--7 only.,Missing numeric values are represented as empty CSV cells/NaN; consult QC flags and manifests.
raw,IMU,imu_*_200Hz.csv,IMU 5_gx,Gyroscope component gx from IMU 5.,native stream units; see release metadata,Nine IMU fields per enabled sensor; P025 has sensors 1--7 only.,Missing numeric values are represented as empty CSV cells/NaN; consult QC flags and manifests.
raw,IMU,imu_*_200Hz.csv,IMU 5_gy,Gyroscope component gy from IMU 5.,native stream units; see release metadata,Nine IMU fields per enabled sensor; P025 has sensors 1--7 only.,Missing numeric values are represented as empty CSV cells/NaN; consult QC flags and manifests.
raw,IMU,imu_*_200Hz.csv,IMU 5_gz,Gyroscope component gz from IMU 5.,native stream units; see release metadata,Nine IMU fields per enabled sensor; P025 has sensors 1--7 only.,Missing numeric values are represented as empty CSV cells/NaN; consult QC flags and manifests.
raw,IMU,imu_*_200Hz.csv,IMU 5_mx,Magnetometer component mx from IMU 5.,native stream units; see release metadata,Nine IMU fields per enabled sensor; P025 has sensors 1--7 only.,Missing numeric values are represented as empty CSV cells/NaN; consult QC flags and manifests.
raw,IMU,imu_*_200Hz.csv,IMU 5_my,Magnetometer component my from IMU 5.,native stream units; see release metadata,Nine IMU fields per enabled sensor; P025 has sensors 1--7 only.,Missing numeric values are represented as empty CSV cells/NaN; consult QC flags and manifests.
raw,IMU,imu_*_200Hz.csv,IMU 5_mz,Magnetometer component mz from IMU 5.,native stream units; see release metadata,Nine IMU fields per enabled sensor; P025 has sensors 1--7 only.,Missing numeric values are represented as empty CSV cells/NaN; consult QC flags and manifests.
raw,IMU,imu_*_200Hz.csv,IMU 6_ax,Accelerometer component ax from IMU 6.,native stream units; see release metadata,Nine IMU fields per enabled sensor; P025 has sensors 1--7 only.,Missing numeric values are represented as empty CSV cells/NaN; consult QC flags and manifests.
raw,IMU,imu_*_200Hz.csv,IMU 6_ay,Accelerometer component ay from IMU 6.,native stream units; see release metadata,Nine IMU fields per enabled sensor; P025 has sensors 1--7 only.,Missing numeric values are represented as empty CSV cells/NaN; consult QC flags and manifests.
raw,IMU,imu_*_200Hz.csv,IMU 6_az,Accelerometer component az from IMU 6.,native stream units; see release metadata,Nine IMU fields per enabled sensor; P025 has sensors 1--7 only.,Missing numeric values are represented as empty CSV cells/NaN; consult QC flags and manifests.
raw,IMU,imu_*_200Hz.csv,IMU 6_gx,Gyroscope component gx from IMU 6.,native stream units; see release metadata,Nine IMU fields per enabled sensor; P025 has sensors 1--7 only.,Missing numeric values are represented as empty CSV cells/NaN; consult QC flags and manifests.
raw,IMU,imu_*_200Hz.csv,IMU 6_gy,Gyroscope component gy from IMU 6.,native stream units; see release metadata,Nine IMU fields per enabled sensor; P025 has sensors 1--7 only.,Missing numeric values are represented as empty CSV cells/NaN; consult QC flags and manifests.
raw,IMU,imu_*_200Hz.csv,IMU 6_gz,Gyroscope component gz from IMU 6.,native stream units; see release metadata,Nine IMU fields per enabled sensor; P025 has sensors 1--7 only.,Missing numeric values are represented as empty CSV cells/NaN; consult QC flags and manifests.
raw,IMU,imu_*_200Hz.csv,IMU 6_mx,Magnetometer component mx from IMU 6.,native stream units; see release metadata,Nine IMU fields per enabled sensor; P025 has sensors 1--7 only.,Missing numeric values are represented as empty CSV cells/NaN; consult QC flags and manifests.
raw,IMU,imu_*_200Hz.csv,IMU 6_my,Magnetometer component my from IMU 6.,native stream units; see release metadata,Nine IMU fields per enabled sensor; P025 has sensors 1--7 only.,Missing numeric values are represented as empty CSV cells/NaN; consult QC flags and manifests.
raw,IMU,imu_*_200Hz.csv,IMU 6_mz,Magnetometer component mz from IMU 6.,native stream units; see release metadata,Nine IMU fields per enabled sensor; P025 has sensors 1--7 only.,Missing numeric values are represented as empty CSV cells/NaN; consult QC flags and manifests.
raw,IMU,imu_*_200Hz.csv,IMU 7_ax,Accelerometer component ax from IMU 7.,native stream units; see release metadata,Nine IMU fields per enabled sensor; P025 has sensors 1--7 only.,Missing numeric values are represented as empty CSV cells/NaN; consult QC flags and manifests.
raw,IMU,imu_*_200Hz.csv,IMU 7_ay,Accelerometer component ay from IMU 7.,native stream units; see release metadata,Nine IMU fields per enabled sensor; P025 has sensors 1--7 only.,Missing numeric values are represented as empty CSV cells/NaN; consult QC flags and manifests.
raw,IMU,imu_*_200Hz.csv,IMU 7_az,Accelerometer component az from IMU 7.,native stream units; see release metadata,Nine IMU fields per enabled sensor; P025 has sensors 1--7 only.,Missing numeric values are represented as empty CSV cells/NaN; consult QC flags and manifests.
raw,IMU,imu_*_200Hz.csv,IMU 7_gx,Gyroscope component gx from IMU 7.,native stream units; see release metadata,Nine IMU fields per enabled sensor; P025 has sensors 1--7 only.,Missing numeric values are represented as empty CSV cells/NaN; consult QC flags and manifests.
raw,IMU,imu_*_200Hz.csv,IMU 7_gy,Gyroscope component gy from IMU 7.,native stream units; see release metadata,Nine IMU fields per enabled sensor; P025 has sensors 1--7 only.,Missing numeric values are represented as empty CSV cells/NaN; consult QC flags and manifests.
raw,IMU,imu_*_200Hz.csv,IMU 7_gz,Gyroscope component gz from IMU 7.,native stream units; see release metadata,Nine IMU fields per enabled sensor; P025 has sensors 1--7 only.,Missing numeric values are represented as empty CSV cells/NaN; consult QC flags and manifests.
raw,IMU,imu_*_200Hz.csv,IMU 7_mx,Magnetometer component mx from IMU 7.,native stream units; see release metadata,Nine IMU fields per enabled sensor; P025 has sensors 1--7 only.,Missing numeric values are represented as empty CSV cells/NaN; consult QC flags and manifests.
raw,IMU,imu_*_200Hz.csv,IMU 7_my,Magnetometer component my from IMU 7.,native stream units; see release metadata,Nine IMU fields per enabled sensor; P025 has sensors 1--7 only.,Missing numeric values are represented as empty CSV cells/NaN; consult QC flags and manifests.
raw,IMU,imu_*_200Hz.csv,IMU 7_mz,Magnetometer component mz from IMU 7.,native stream units; see release metadata,Nine IMU fields per enabled sensor; P025 has sensors 1--7 only.,Missing numeric values are represented as empty CSV cells/NaN; consult QC flags and manifests.
raw,IMU,imu_*_200Hz.csv,IMU 8_ax,Accelerometer component ax from IMU 8.,native stream units; see release metadata,Nine IMU fields per enabled sensor; P025 has sensors 1--7 only.,Missing numeric values are represented as empty CSV cells/NaN; consult QC flags and manifests.
raw,IMU,imu_*_200Hz.csv,IMU 8_ay,Accelerometer component ay from IMU 8.,native stream units; see release metadata,Nine IMU fields per enabled sensor; P025 has sensors 1--7 only.,Missing numeric values are represented as empty CSV cells/NaN; consult QC flags and manifests.
raw,IMU,imu_*_200Hz.csv,IMU 8_az,Accelerometer component az from IMU 8.,native stream units; see release metadata,Nine IMU fields per enabled sensor; P025 has sensors 1--7 only.,Missing numeric values are represented as empty CSV cells/NaN; consult QC flags and manifests.
raw,IMU,imu_*_200Hz.csv,IMU 8_gx,Gyroscope component gx from IMU 8.,native stream units; see release metadata,Nine IMU fields per enabled sensor; P025 has sensors 1--7 only.,Missing numeric values are represented as empty CSV cells/NaN; consult QC flags and manifests.
raw,IMU,imu_*_200Hz.csv,IMU 8_gy,Gyroscope component gy from IMU 8.,native stream units; see release metadata,Nine IMU fields per enabled sensor; P025 has sensors 1--7 only.,Missing numeric values are represented as empty CSV cells/NaN; consult QC flags and manifests.
raw,IMU,imu_*_200Hz.csv,IMU 8_gz,Gyroscope component gz from IMU 8.,native stream units; see release metadata,Nine IMU fields per enabled sensor; P025 has sensors 1--7 only.,Missing numeric values are represented as empty CSV cells/NaN; consult QC flags and manifests.
raw,IMU,imu_*_200Hz.csv,IMU 8_mx,Magnetometer component mx from IMU 8.,native stream units; see release metadata,Nine IMU fields per enabled sensor; P025 has sensors 1--7 only.,Missing numeric values are represented as empty CSV cells/NaN; consult QC flags and manifests.
raw,IMU,imu_*_200Hz.csv,IMU 8_my,Magnetometer component my from IMU 8.,native stream units; see release metadata,Nine IMU fields per enabled sensor; P025 has sensors 1--7 only.,Missing numeric values are represented as empty CSV cells/NaN; consult QC flags and manifests.
raw,IMU,imu_*_200Hz.csv,IMU 8_mz,Magnetometer component mz from IMU 8.,native stream units; see release metadata,Nine IMU fields per enabled sensor; P025 has sensors 1--7 only.,Missing numeric values are represented as empty CSV cells/NaN; consult QC flags and manifests.
raw,IMU (P025),P025/imu_*_200Hz.csv,unix_ts,Unix epoch timestamp assigned to the sample.,seconds,Time base is stated by the field name; do not assume interchangeability across modalities. P025 intentionally contains 63 IMU fields.,Missing numeric values are represented as empty CSV cells/NaN; consult QC flags and manifests.
raw,IMU (P025),P025/imu_*_200Hz.csv,IMU 1_ax,Accelerometer component ax from IMU 1.,native stream units; see release metadata,Nine IMU fields per enabled sensor; P025 has sensors 1--7 only. P025 intentionally contains 63 IMU fields.,Missing numeric values are represented as empty CSV cells/NaN; consult QC flags and manifests.
raw,IMU (P025),P025/imu_*_200Hz.csv,IMU 1_ay,Accelerometer component ay from IMU 1.,native stream units; see release metadata,Nine IMU fields per enabled sensor; P025 has sensors 1--7 only. P025 intentionally contains 63 IMU fields.,Missing numeric values are represented as empty CSV cells/NaN; consult QC flags and manifests.
raw,IMU (P025),P025/imu_*_200Hz.csv,IMU 1_az,Accelerometer component az from IMU 1.,native stream units; see release metadata,Nine IMU fields per enabled sensor; P025 has sensors 1--7 only. P025 intentionally contains 63 IMU fields.,Missing numeric values are represented as empty CSV cells/NaN; consult QC flags and manifests.
raw,IMU (P025),P025/imu_*_200Hz.csv,IMU 1_gx,Gyroscope component gx from IMU 1.,native stream units; see release metadata,Nine IMU fields per enabled sensor; P025 has sensors 1--7 only. P025 intentionally contains 63 IMU fields.,Missing numeric values are represented as empty CSV cells/NaN; consult QC flags and manifests.
raw,IMU (P025),P025/imu_*_200Hz.csv,IMU 1_gy,Gyroscope component gy from IMU 1.,native stream units; see release metadata,Nine IMU fields per enabled sensor; P025 has sensors 1--7 only. P025 intentionally contains 63 IMU fields.,Missing numeric values are represented as empty CSV cells/NaN; consult QC flags and manifests.
raw,IMU (P025),P025/imu_*_200Hz.csv,IMU 1_gz,Gyroscope component gz from IMU 1.,native stream units; see release metadata,Nine IMU fields per enabled sensor; P025 has sensors 1--7 only. P025 intentionally contains 63 IMU fields.,Missing numeric values are represented as empty CSV cells/NaN; consult QC flags and manifests.
raw,IMU (P025),P025/imu_*_200Hz.csv,IMU 1_mx,Magnetometer component mx from IMU 1.,native stream units; see release metadata,Nine IMU fields per enabled sensor; P025 has sensors 1--7 only. P025 intentionally contains 63 IMU fields.,Missing numeric values are represented as empty CSV cells/NaN; consult QC flags and manifests.
raw,IMU (P025),P025/imu_*_200Hz.csv,IMU 1_my,Magnetometer component my from IMU 1.,native stream units; see release metadata,Nine IMU fields per enabled sensor; P025 has sensors 1--7 only. P025 intentionally contains 63 IMU fields.,Missing numeric values are represented as empty CSV cells/NaN; consult QC flags and manifests.
raw,IMU (P025),P025/imu_*_200Hz.csv,IMU 1_mz,Magnetometer component mz from IMU 1.,native stream units; see release metadata,Nine IMU fields per enabled sensor; P025 has sensors 1--7 only. P025 intentionally contains 63 IMU fields.,Missing numeric values are represented as empty CSV cells/NaN; consult QC flags and manifests.
raw,IMU (P025),P025/imu_*_200Hz.csv,IMU 2_ax,Accelerometer component ax from IMU 2.,native stream units; see release metadata,Nine IMU fields per enabled sensor; P025 has sensors 1--7 only. P025 intentionally contains 63 IMU fields.,Missing numeric values are represented as empty CSV cells/NaN; consult QC flags and manifests.
raw,IMU (P025),P025/imu_*_200Hz.csv,IMU 2_ay,Accelerometer component ay from IMU 2.,native stream units; see release metadata,Nine IMU fields per enabled sensor; P025 has sensors 1--7 only. P025 intentionally contains 63 IMU fields.,Missing numeric values are represented as empty CSV cells/NaN; consult QC flags and manifests.
raw,IMU (P025),P025/imu_*_200Hz.csv,IMU 2_az,Accelerometer component az from IMU 2.,native stream units; see release metadata,Nine IMU fields per enabled sensor; P025 has sensors 1--7 only. P025 intentionally contains 63 IMU fields.,Missing numeric values are represented as empty CSV cells/NaN; consult QC flags and manifests.
raw,IMU (P025),P025/imu_*_200Hz.csv,IMU 2_gx,Gyroscope component gx from IMU 2.,native stream units; see release metadata,Nine IMU fields per enabled sensor; P025 has sensors 1--7 only. P025 intentionally contains 63 IMU fields.,Missing numeric values are represented as empty CSV cells/NaN; consult QC flags and manifests.
raw,IMU (P025),P025/imu_*_200Hz.csv,IMU 2_gy,Gyroscope component gy from IMU 2.,native stream units; see release metadata,Nine IMU fields per enabled sensor; P025 has sensors 1--7 only. P025 intentionally contains 63 IMU fields.,Missing numeric values are represented as empty CSV cells/NaN; consult QC flags and manifests.
raw,IMU (P025),P025/imu_*_200Hz.csv,IMU 2_gz,Gyroscope component gz from IMU 2.,native stream units; see release metadata,Nine IMU fields per enabled sensor; P025 has sensors 1--7 only. P025 intentionally contains 63 IMU fields.,Missing numeric values are represented as empty CSV cells/NaN; consult QC flags and manifests.
raw,IMU (P025),P025/imu_*_200Hz.csv,IMU 2_mx,Magnetometer component mx from IMU 2.,native stream units; see release metadata,Nine IMU fields per enabled sensor; P025 has sensors 1--7 only. P025 intentionally contains 63 IMU fields.,Missing numeric values are represented as empty CSV cells/NaN; consult QC flags and manifests.
raw,IMU (P025),P025/imu_*_200Hz.csv,IMU 2_my,Magnetometer component my from IMU 2.,native stream units; see release metadata,Nine IMU fields per enabled sensor; P025 has sensors 1--7 only. P025 intentionally contains 63 IMU fields.,Missing numeric values are represented as empty CSV cells/NaN; consult QC flags and manifests.
raw,IMU (P025),P025/imu_*_200Hz.csv,IMU 2_mz,Magnetometer component mz from IMU 2.,native stream units; see release metadata,Nine IMU fields per enabled sensor; P025 has sensors 1--7 only. P025 intentionally contains 63 IMU fields.,Missing numeric values are represented as empty CSV cells/NaN; consult QC flags and manifests.
raw,IMU (P025),P025/imu_*_200Hz.csv,IMU 3_ax,Accelerometer component ax from IMU 3.,native stream units; see release metadata,Nine IMU fields per enabled sensor; P025 has sensors 1--7 only. P025 intentionally contains 63 IMU fields.,Missing numeric values are represented as empty CSV cells/NaN; consult QC flags and manifests.
raw,IMU (P025),P025/imu_*_200Hz.csv,IMU 3_ay,Accelerometer component ay from IMU 3.,native stream units; see release metadata,Nine IMU fields per enabled sensor; P025 has sensors 1--7 only. P025 intentionally contains 63 IMU fields.,Missing numeric values are represented as empty CSV cells/NaN; consult QC flags and manifests.
raw,IMU (P025),P025/imu_*_200Hz.csv,IMU 3_az,Accelerometer component az from IMU 3.,native stream units; see release metadata,Nine IMU fields per enabled sensor; P025 has sensors 1--7 only. P025 intentionally contains 63 IMU fields.,Missing numeric values are represented as empty CSV cells/NaN; consult QC flags and manifests.
raw,IMU (P025),P025/imu_*_200Hz.csv,IMU 3_gx,Gyroscope component gx from IMU 3.,native stream units; see release metadata,Nine IMU fields per enabled sensor; P025 has sensors 1--7 only. P025 intentionally contains 63 IMU fields.,Missing numeric values are represented as empty CSV cells/NaN; consult QC flags and manifests.
raw,IMU (P025),P025/imu_*_200Hz.csv,IMU 3_gy,Gyroscope component gy from IMU 3.,native stream units; see release metadata,Nine IMU fields per enabled sensor; P025 has sensors 1--7 only. P025 intentionally contains 63 IMU fields.,Missing numeric values are represented as empty CSV cells/NaN; consult QC flags and manifests.
raw,IMU (P025),P025/imu_*_200Hz.csv,IMU 3_gz,Gyroscope component gz from IMU 3.,native stream units; see release metadata,Nine IMU fields per enabled sensor; P025 has sensors 1--7 only. P025 intentionally contains 63 IMU fields.,Missing numeric values are represented as empty CSV cells/NaN; consult QC flags and manifests.
raw,IMU (P025),P025/imu_*_200Hz.csv,IMU 3_mx,Magnetometer component mx from IMU 3.,native stream units; see release metadata,Nine IMU fields per enabled sensor; P025 has sensors 1--7 only. P025 intentionally contains 63 IMU fields.,Missing numeric values are represented as empty CSV cells/NaN; consult QC flags and manifests.
raw,IMU (P025),P025/imu_*_200Hz.csv,IMU 3_my,Magnetometer component my from IMU 3.,native stream units; see release metadata,Nine IMU fields per enabled sensor; P025 has sensors 1--7 only. P025 intentionally contains 63 IMU fields.,Missing numeric values are represented as empty CSV cells/NaN; consult QC flags and manifests.
raw,IMU (P025),P025/imu_*_200Hz.csv,IMU 3_mz,Magnetometer component mz from IMU 3.,native stream units; see release metadata,Nine IMU fields per enabled sensor; P025 has sensors 1--7 only. P025 intentionally contains 63 IMU fields.,Missing numeric values are represented as empty CSV cells/NaN; consult QC flags and manifests.
raw,IMU (P025),P025/imu_*_200Hz.csv,IMU 4_ax,Accelerometer component ax from IMU 4.,native stream units; see release metadata,Nine IMU fields per enabled sensor; P025 has sensors 1--7 only. P025 intentionally contains 63 IMU fields.,Missing numeric values are represented as empty CSV cells/NaN; consult QC flags and manifests.
raw,IMU (P025),P025/imu_*_200Hz.csv,IMU 4_ay,Accelerometer component ay from IMU 4.,native stream units; see release metadata,Nine IMU fields per enabled sensor; P025 has sensors 1--7 only. P025 intentionally contains 63 IMU fields.,Missing numeric values are represented as empty CSV cells/NaN; consult QC flags and manifests.
raw,IMU (P025),P025/imu_*_200Hz.csv,IMU 4_az,Accelerometer component az from IMU 4.,native stream units; see release metadata,Nine IMU fields per enabled sensor; P025 has sensors 1--7 only. P025 intentionally contains 63 IMU fields.,Missing numeric values are represented as empty CSV cells/NaN; consult QC flags and manifests.
raw,IMU (P025),P025/imu_*_200Hz.csv,IMU 4_gx,Gyroscope component gx from IMU 4.,native stream units; see release metadata,Nine IMU fields per enabled sensor; P025 has sensors 1--7 only. P025 intentionally contains 63 IMU fields.,Missing numeric values are represented as empty CSV cells/NaN; consult QC flags and manifests.
raw,IMU (P025),P025/imu_*_200Hz.csv,IMU 4_gy,Gyroscope component gy from IMU 4.,native stream units; see release metadata,Nine IMU fields per enabled sensor; P025 has sensors 1--7 only. P025 intentionally contains 63 IMU fields.,Missing numeric values are represented as empty CSV cells/NaN; consult QC flags and manifests.
raw,IMU (P025),P025/imu_*_200Hz.csv,IMU 4_gz,Gyroscope component gz from IMU 4.,native stream units; see release metadata,Nine IMU fields per enabled sensor; P025 has sensors 1--7 only. P025 intentionally contains 63 IMU fields.,Missing numeric values are represented as empty CSV cells/NaN; consult QC flags and manifests.
raw,IMU (P025),P025/imu_*_200Hz.csv,IMU 4_mx,Magnetometer component mx from IMU 4.,native stream units; see release metadata,Nine IMU fields per enabled sensor; P025 has sensors 1--7 only. P025 intentionally contains 63 IMU fields.,Missing numeric values are represented as empty CSV cells/NaN; consult QC flags and manifests.
raw,IMU (P025),P025/imu_*_200Hz.csv,IMU 4_my,Magnetometer component my from IMU 4.,native stream units; see release metadata,Nine IMU fields per enabled sensor; P025 has sensors 1--7 only. P025 intentionally contains 63 IMU fields.,Missing numeric values are represented as empty CSV cells/NaN; consult QC flags and manifests.
raw,IMU (P025),P025/imu_*_200Hz.csv,IMU 4_mz,Magnetometer component mz from IMU 4.,native stream units; see release metadata,Nine IMU fields per enabled sensor; P025 has sensors 1--7 only. P025 intentionally contains 63 IMU fields.,Missing numeric values are represented as empty CSV cells/NaN; consult QC flags and manifests.
raw,IMU (P025),P025/imu_*_200Hz.csv,IMU 5_ax,Accelerometer component ax from IMU 5.,native stream units; see release metadata,Nine IMU fields per enabled sensor; P025 has sensors 1--7 only. P025 intentionally contains 63 IMU fields.,Missing numeric values are represented as empty CSV cells/NaN; consult QC flags and manifests.
raw,IMU (P025),P025/imu_*_200Hz.csv,IMU 5_ay,Accelerometer component ay from IMU 5.,native stream units; see release metadata,Nine IMU fields per enabled sensor; P025 has sensors 1--7 only. P025 intentionally contains 63 IMU fields.,Missing numeric values are represented as empty CSV cells/NaN; consult QC flags and manifests.
raw,IMU (P025),P025/imu_*_200Hz.csv,IMU 5_az,Accelerometer component az from IMU 5.,native stream units; see release metadata,Nine IMU fields per enabled sensor; P025 has sensors 1--7 only. P025 intentionally contains 63 IMU fields.,Missing numeric values are represented as empty CSV cells/NaN; consult QC flags and manifests.
raw,IMU (P025),P025/imu_*_200Hz.csv,IMU 5_gx,Gyroscope component gx from IMU 5.,native stream units; see release metadata,Nine IMU fields per enabled sensor; P025 has sensors 1--7 only. P025 intentionally contains 63 IMU fields.,Missing numeric values are represented as empty CSV cells/NaN; consult QC flags and manifests.
raw,IMU (P025),P025/imu_*_200Hz.csv,IMU 5_gy,Gyroscope component gy from IMU 5.,native stream units; see release metadata,Nine IMU fields per enabled sensor; P025 has sensors 1--7 only. P025 intentionally contains 63 IMU fields.,Missing numeric values are represented as empty CSV cells/NaN; consult QC flags and manifests.
raw,IMU (P025),P025/imu_*_200Hz.csv,IMU 5_gz,Gyroscope component gz from IMU 5.,native stream units; see release metadata,Nine IMU fields per enabled sensor; P025 has sensors 1--7 only. P025 intentionally contains 63 IMU fields.,Missing numeric values are represented as empty CSV cells/NaN; consult QC flags and manifests.
raw,IMU (P025),P025/imu_*_200Hz.csv,IMU 5_mx,Magnetometer component mx from IMU 5.,native stream units; see release metadata,Nine IMU fields per enabled sensor; P025 has sensors 1--7 only. P025 intentionally contains 63 IMU fields.,Missing numeric values are represented as empty CSV cells/NaN; consult QC flags and manifests.
raw,IMU (P025),P025/imu_*_200Hz.csv,IMU 5_my,Magnetometer component my from IMU 5.,native stream units; see release metadata,Nine IMU fields per enabled sensor; P025 has sensors 1--7 only. P025 intentionally contains 63 IMU fields.,Missing numeric values are represented as empty CSV cells/NaN; consult QC flags and manifests.
raw,IMU (P025),P025/imu_*_200Hz.csv,IMU 5_mz,Magnetometer component mz from IMU 5.,native stream units; see release metadata,Nine IMU fields per enabled sensor; P025 has sensors 1--7 only. P025 intentionally contains 63 IMU fields.,Missing numeric values are represented as empty CSV cells/NaN; consult QC flags and manifests.
raw,IMU (P025),P025/imu_*_200Hz.csv,IMU 6_ax,Accelerometer component ax from IMU 6.,native stream units; see release metadata,Nine IMU fields per enabled sensor; P025 has sensors 1--7 only. P025 intentionally contains 63 IMU fields.,Missing numeric values are represented as empty CSV cells/NaN; consult QC flags and manifests.
raw,IMU (P025),P025/imu_*_200Hz.csv,IMU 6_ay,Accelerometer component ay from IMU 6.,native stream units; see release metadata,Nine IMU fields per enabled sensor; P025 has sensors 1--7 only. P025 intentionally contains 63 IMU fields.,Missing numeric values are represented as empty CSV cells/NaN; consult QC flags and manifests.
raw,IMU (P025),P025/imu_*_200Hz.csv,IMU 6_az,Accelerometer component az from IMU 6.,native stream units; see release metadata,Nine IMU fields per enabled sensor; P025 has sensors 1--7 only. P025 intentionally contains 63 IMU fields.,Missing numeric values are represented as empty CSV cells/NaN; consult QC flags and manifests.
raw,IMU (P025),P025/imu_*_200Hz.csv,IMU 6_gx,Gyroscope component gx from IMU 6.,native stream units; see release metadata,Nine IMU fields per enabled sensor; P025 has sensors 1--7 only. P025 intentionally contains 63 IMU fields.,Missing numeric values are represented as empty CSV cells/NaN; consult QC flags and manifests.
raw,IMU (P025),P025/imu_*_200Hz.csv,IMU 6_gy,Gyroscope component gy from IMU 6.,native stream units; see release metadata,Nine IMU fields per enabled sensor; P025 has sensors 1--7 only. P025 intentionally contains 63 IMU fields.,Missing numeric values are represented as empty CSV cells/NaN; consult QC flags and manifests.
raw,IMU (P025),P025/imu_*_200Hz.csv,IMU 6_gz,Gyroscope component gz from IMU 6.,native stream units; see release metadata,Nine IMU fields per enabled sensor; P025 has sensors 1--7 only. P025 intentionally contains 63 IMU fields.,Missing numeric values are represented as empty CSV cells/NaN; consult QC flags and manifests.
raw,IMU (P025),P025/imu_*_200Hz.csv,IMU 6_mx,Magnetometer component mx from IMU 6.,native stream units; see release metadata,Nine IMU fields per enabled sensor; P025 has sensors 1--7 only. P025 intentionally contains 63 IMU fields.,Missing numeric values are represented as empty CSV cells/NaN; consult QC flags and manifests.
raw,IMU (P025),P025/imu_*_200Hz.csv,IMU 6_my,Magnetometer component my from IMU 6.,native stream units; see release metadata,Nine IMU fields per enabled sensor; P025 has sensors 1--7 only. P025 intentionally contains 63 IMU fields.,Missing numeric values are represented as empty CSV cells/NaN; consult QC flags and manifests.
raw,IMU (P025),P025/imu_*_200Hz.csv,IMU 6_mz,Magnetometer component mz from IMU 6.,native stream units; see release metadata,Nine IMU fields per enabled sensor; P025 has sensors 1--7 only. P025 intentionally contains 63 IMU fields.,Missing numeric values are represented as empty CSV cells/NaN; consult QC flags and manifests.
raw,IMU (P025),P025/imu_*_200Hz.csv,IMU 7_ax,Accelerometer component ax from IMU 7.,native stream units; see release metadata,Nine IMU fields per enabled sensor; P025 has sensors 1--7 only. P025 intentionally contains 63 IMU fields.,Missing numeric values are represented as empty CSV cells/NaN; consult QC flags and manifests.
raw,IMU (P025),P025/imu_*_200Hz.csv,IMU 7_ay,Accelerometer component ay from IMU 7.,native stream units; see release metadata,Nine IMU fields per enabled sensor; P025 has sensors 1--7 only. P025 intentionally contains 63 IMU fields.,Missing numeric values are represented as empty CSV cells/NaN; consult QC flags and manifests.
raw,IMU (P025),P025/imu_*_200Hz.csv,IMU 7_az,Accelerometer component az from IMU 7.,native stream units; see release metadata,Nine IMU fields per enabled sensor; P025 has sensors 1--7 only. P025 intentionally contains 63 IMU fields.,Missing numeric values are represented as empty CSV cells/NaN; consult QC flags and manifests.
raw,IMU (P025),P025/imu_*_200Hz.csv,IMU 7_gx,Gyroscope component gx from IMU 7.,native stream units; see release metadata,Nine IMU fields per enabled sensor; P025 has sensors 1--7 only. P025 intentionally contains 63 IMU fields.,Missing numeric values are represented as empty CSV cells/NaN; consult QC flags and manifests.
raw,IMU (P025),P025/imu_*_200Hz.csv,IMU 7_gy,Gyroscope component gy from IMU 7.,native stream units; see release metadata,Nine IMU fields per enabled sensor; P025 has sensors 1--7 only. P025 intentionally contains 63 IMU fields.,Missing numeric values are represented as empty CSV cells/NaN; consult QC flags and manifests.
raw,IMU (P025),P025/imu_*_200Hz.csv,IMU 7_gz,Gyroscope component gz from IMU 7.,native stream units; see release metadata,Nine IMU fields per enabled sensor; P025 has sensors 1--7 only. P025 intentionally contains 63 IMU fields.,Missing numeric values are represented as empty CSV cells/NaN; consult QC flags and manifests.
raw,IMU (P025),P025/imu_*_200Hz.csv,IMU 7_mx,Magnetometer component mx from IMU 7.,native stream units; see release metadata,Nine IMU fields per enabled sensor; P025 has sensors 1--7 only. P025 intentionally contains 63 IMU fields.,Missing numeric values are represented as empty CSV cells/NaN; consult QC flags and manifests.
raw,IMU (P025),P025/imu_*_200Hz.csv,IMU 7_my,Magnetometer component my from IMU 7.,native stream units; see release metadata,Nine IMU fields per enabled sensor; P025 has sensors 1--7 only. P025 intentionally contains 63 IMU fields.,Missing numeric values are represented as empty CSV cells/NaN; consult QC flags and manifests.
raw,IMU (P025),P025/imu_*_200Hz.csv,IMU 7_mz,Magnetometer component mz from IMU 7.,native stream units; see release metadata,Nine IMU fields per enabled sensor; P025 has sensors 1--7 only. P025 intentionally contains 63 IMU fields.,Missing numeric values are represented as empty CSV cells/NaN; consult QC flags and manifests.
raw,fingertip force,FSR_*.csv,device_t_s,Device timestamp in seconds.,seconds,Time base is stated by the field name; do not assume interchangeability across modalities.,Missing numeric values are represented as empty CSV cells/NaN; consult QC flags and manifests.
raw,fingertip force,FSR_*.csv,host_t_s,Host-computer timestamp in Unix seconds.,seconds,Time base is stated by the field name; do not assume interchangeability across modalities.,Missing numeric values are represented as empty CSV cells/NaN; consult QC flags and manifests.
raw,fingertip force,FSR_*.csv,middle_adc,Raw analog-to-digital converter reading for the named fingertip force sensor.,ADC counts,Use calibrated force fields for force analyses.,Missing numeric values are represented as empty CSV cells/NaN; consult QC flags and manifests.
raw,fingertip force,FSR_*.csv,middle_N,Calibrated fingertip force for the named sensor.,newtons,Raw files contain acquisition calibration; processed files additionally apply baseline correction and filtering.,Missing numeric values are represented as empty CSV cells/NaN; consult QC flags and manifests.
raw,fingertip force,FSR_*.csv,index_adc,Raw analog-to-digital converter reading for the named fingertip force sensor.,ADC counts,Use calibrated force fields for force analyses.,Missing numeric values are represented as empty CSV cells/NaN; consult QC flags and manifests.
raw,fingertip force,FSR_*.csv,index_N,Calibrated fingertip force for the named sensor.,newtons,Raw files contain acquisition calibration; processed files additionally apply baseline correction and filtering.,Missing numeric values are represented as empty CSV cells/NaN; consult QC flags and manifests.
raw,fingertip force,FSR_*.csv,thumb_adc,Raw analog-to-digital converter reading for the named fingertip force sensor.,ADC counts,Use calibrated force fields for force analyses.,Missing numeric values are represented as empty CSV cells/NaN; consult QC flags and manifests.
raw,fingertip force,FSR_*.csv,thumb_N,Calibrated fingertip force for the named sensor.,newtons,Raw files contain acquisition calibration; processed files additionally apply baseline correction and filtering.,Missing numeric values are represented as empty CSV cells/NaN; consult QC flags and manifests.
raw,hand tracking,tracking_log_*.csv,timestamp,Timestamp supplied by the acquisition or retargeting stream; see file-specific provenance.,seconds,Time base is stated by the field name; do not assume interchangeability across modalities. The release excludes the collector's internal gt_valid field.,Missing numeric values are represented as empty CSV cells/NaN; consult QC flags and manifests.
raw,hand tracking,tracking_log_*.csv,timestamp_cam1_s,Camera 1 or camera 2 timestamp for the matched tracking frame.,seconds,Camera timestamp; paired records are matched during tracking. The release excludes the collector's internal gt_valid field.,Missing numeric values are represented as empty CSV cells/NaN; consult QC flags and manifests.
raw,hand tracking,tracking_log_*.csv,timestamp_cam2_s,Camera 1 or camera 2 timestamp for the matched tracking frame.,seconds,Camera timestamp; paired records are matched during tracking. The release excludes the collector's internal gt_valid field.,Missing numeric values are represented as empty CSV cells/NaN; consult QC flags and manifests.
raw,hand tracking,tracking_log_*.csv,timestamp_fused_s,Fused host-time timestamp for a matched stereo tracking record.,seconds,Time base is stated by the field name; do not assume interchangeability across modalities. The release excludes the collector's internal gt_valid field.,Missing numeric values are represented as empty CSV cells/NaN; consult QC flags and manifests.
raw,hand tracking,tracking_log_*.csv,conf_cam1,Tracking confidence or frame-quality score produced by the tracking pipeline.,unitless,Interpret with the tracking pipeline documentation. The release excludes the collector's internal gt_valid field.,Missing numeric values are represented as empty CSV cells/NaN; consult QC flags and manifests.
raw,hand tracking,tracking_log_*.csv,conf_cam2,Tracking confidence or frame-quality score produced by the tracking pipeline.,unitless,Interpret with the tracking pipeline documentation. The release excludes the collector's internal gt_valid field.,Missing numeric values are represented as empty CSV cells/NaN; consult QC flags and manifests.
raw,hand tracking,tracking_log_*.csv,frame_score,Tracking confidence or frame-quality score produced by the tracking pipeline.,unitless,Interpret with the tracking pipeline documentation. The release excludes the collector's internal gt_valid field.,Missing numeric values are represented as empty CSV cells/NaN; consult QC flags and manifests.
raw,hand tracking,tracking_log_*.csv,mean_reproj_cam1,Per-frame reprojection error for the indicated camera.,pixels,Use with QC reports. The release excludes the collector's internal gt_valid field.,Missing numeric values are represented as empty CSV cells/NaN; consult QC flags and manifests.
raw,hand tracking,tracking_log_*.csv,mean_reproj_cam2,Per-frame reprojection error for the indicated camera.,pixels,Use with QC reports. The release excludes the collector's internal gt_valid field.,Missing numeric values are represented as empty CSV cells/NaN; consult QC flags and manifests.
raw,hand tracking,tracking_log_*.csv,lm0_x,Stereo-triangulated 3D coordinate of the numbered teacher-hand landmark.,metres,"Contralateral teacher hand; raw tracking record, not preprocessed. The release excludes the collector's internal gt_valid field.",Missing numeric values are represented as empty CSV cells/NaN; consult QC flags and manifests.
raw,hand tracking,tracking_log_*.csv,lm0_y,Stereo-triangulated 3D coordinate of the numbered teacher-hand landmark.,metres,"Contralateral teacher hand; raw tracking record, not preprocessed. The release excludes the collector's internal gt_valid field.",Missing numeric values are represented as empty CSV cells/NaN; consult QC flags and manifests.
raw,hand tracking,tracking_log_*.csv,lm0_z,Stereo-triangulated 3D coordinate of the numbered teacher-hand landmark.,metres,"Contralateral teacher hand; raw tracking record, not preprocessed. The release excludes the collector's internal gt_valid field.",Missing numeric values are represented as empty CSV cells/NaN; consult QC flags and manifests.
raw,hand tracking,tracking_log_*.csv,c1_lm0_x,Field retained from the source or derived file schema; see processing provenance for details.,see metadata,The release excludes the collector's internal gt_valid field.,Missing numeric values are represented as empty CSV cells/NaN; consult QC flags and manifests.
raw,hand tracking,tracking_log_*.csv,c1_lm0_y,Field retained from the source or derived file schema; see processing provenance for details.,see metadata,The release excludes the collector's internal gt_valid field.,Missing numeric values are represented as empty CSV cells/NaN; consult QC flags and manifests.
raw,hand tracking,tracking_log_*.csv,c2_lm0_x,Field retained from the source or derived file schema; see processing provenance for details.,see metadata,The release excludes the collector's internal gt_valid field.,Missing numeric values are represented as empty CSV cells/NaN; consult QC flags and manifests.
raw,hand tracking,tracking_log_*.csv,c2_lm0_y,Field retained from the source or derived file schema; see processing provenance for details.,see metadata,The release excludes the collector's internal gt_valid field.,Missing numeric values are represented as empty CSV cells/NaN; consult QC flags and manifests.
raw,hand tracking,tracking_log_*.csv,lm0_conf,Tracking confidence or frame-quality score produced by the tracking pipeline.,unitless,Interpret with the tracking pipeline documentation. The release excludes the collector's internal gt_valid field.,Missing numeric values are represented as empty CSV cells/NaN; consult QC flags and manifests.
raw,hand tracking,tracking_log_*.csv,lm0_err1,Field retained from the source or derived file schema; see processing provenance for details.,see metadata,The release excludes the collector's internal gt_valid field.,Missing numeric values are represented as empty CSV cells/NaN; consult QC flags and manifests.
raw,hand tracking,tracking_log_*.csv,lm0_err2,Field retained from the source or derived file schema; see processing provenance for details.,see metadata,The release excludes the collector's internal gt_valid field.,Missing numeric values are represented as empty CSV cells/NaN; consult QC flags and manifests.
raw,hand tracking,tracking_log_*.csv,lm1_x,Stereo-triangulated 3D coordinate of the numbered teacher-hand landmark.,metres,"Contralateral teacher hand; raw tracking record, not preprocessed. The release excludes the collector's internal gt_valid field.",Missing numeric values are represented as empty CSV cells/NaN; consult QC flags and manifests.
raw,hand tracking,tracking_log_*.csv,lm1_y,Stereo-triangulated 3D coordinate of the numbered teacher-hand landmark.,metres,"Contralateral teacher hand; raw tracking record, not preprocessed. The release excludes the collector's internal gt_valid field.",Missing numeric values are represented as empty CSV cells/NaN; consult QC flags and manifests.
raw,hand tracking,tracking_log_*.csv,lm1_z,Stereo-triangulated 3D coordinate of the numbered teacher-hand landmark.,metres,"Contralateral teacher hand; raw tracking record, not preprocessed. The release excludes the collector's internal gt_valid field.",Missing numeric values are represented as empty CSV cells/NaN; consult QC flags and manifests.
raw,hand tracking,tracking_log_*.csv,c1_lm1_x,Field retained from the source or derived file schema; see processing provenance for details.,see metadata,The release excludes the collector's internal gt_valid field.,Missing numeric values are represented as empty CSV cells/NaN; consult QC flags and manifests.
raw,hand tracking,tracking_log_*.csv,c1_lm1_y,Field retained from the source or derived file schema; see processing provenance for details.,see metadata,The release excludes the collector's internal gt_valid field.,Missing numeric values are represented as empty CSV cells/NaN; consult QC flags and manifests.
raw,hand tracking,tracking_log_*.csv,c2_lm1_x,Field retained from the source or derived file schema; see processing provenance for details.,see metadata,The release excludes the collector's internal gt_valid field.,Missing numeric values are represented as empty CSV cells/NaN; consult QC flags and manifests.
raw,hand tracking,tracking_log_*.csv,c2_lm1_y,Field retained from the source or derived file schema; see processing provenance for details.,see metadata,The release excludes the collector's internal gt_valid field.,Missing numeric values are represented as empty CSV cells/NaN; consult QC flags and manifests.
raw,hand tracking,tracking_log_*.csv,lm1_conf,Tracking confidence or frame-quality score produced by the tracking pipeline.,unitless,Interpret with the tracking pipeline documentation. The release excludes the collector's internal gt_valid field.,Missing numeric values are represented as empty CSV cells/NaN; consult QC flags and manifests.
raw,hand tracking,tracking_log_*.csv,lm1_err1,Field retained from the source or derived file schema; see processing provenance for details.,see metadata,The release excludes the collector's internal gt_valid field.,Missing numeric values are represented as empty CSV cells/NaN; consult QC flags and manifests.
raw,hand tracking,tracking_log_*.csv,lm1_err2,Field retained from the source or derived file schema; see processing provenance for details.,see metadata,The release excludes the collector's internal gt_valid field.,Missing numeric values are represented as empty CSV cells/NaN; consult QC flags and manifests.
raw,hand tracking,tracking_log_*.csv,lm2_x,Stereo-triangulated 3D coordinate of the numbered teacher-hand landmark.,metres,"Contralateral teacher hand; raw tracking record, not preprocessed. The release excludes the collector's internal gt_valid field.",Missing numeric values are represented as empty CSV cells/NaN; consult QC flags and manifests.
raw,hand tracking,tracking_log_*.csv,lm2_y,Stereo-triangulated 3D coordinate of the numbered teacher-hand landmark.,metres,"Contralateral teacher hand; raw tracking record, not preprocessed. The release excludes the collector's internal gt_valid field.",Missing numeric values are represented as empty CSV cells/NaN; consult QC flags and manifests.
raw,hand tracking,tracking_log_*.csv,lm2_z,Stereo-triangulated 3D coordinate of the numbered teacher-hand landmark.,metres,"Contralateral teacher hand; raw tracking record, not preprocessed. The release excludes the collector's internal gt_valid field.",Missing numeric values are represented as empty CSV cells/NaN; consult QC flags and manifests.
raw,hand tracking,tracking_log_*.csv,c1_lm2_x,Field retained from the source or derived file schema; see processing provenance for details.,see metadata,The release excludes the collector's internal gt_valid field.,Missing numeric values are represented as empty CSV cells/NaN; consult QC flags and manifests.
raw,hand tracking,tracking_log_*.csv,c1_lm2_y,Field retained from the source or derived file schema; see processing provenance for details.,see metadata,The release excludes the collector's internal gt_valid field.,Missing numeric values are represented as empty CSV cells/NaN; consult QC flags and manifests.
raw,hand tracking,tracking_log_*.csv,c2_lm2_x,Field retained from the source or derived file schema; see processing provenance for details.,see metadata,The release excludes the collector's internal gt_valid field.,Missing numeric values are represented as empty CSV cells/NaN; consult QC flags and manifests.
raw,hand tracking,tracking_log_*.csv,c2_lm2_y,Field retained from the source or derived file schema; see processing provenance for details.,see metadata,The release excludes the collector's internal gt_valid field.,Missing numeric values are represented as empty CSV cells/NaN; consult QC flags and manifests.
raw,hand tracking,tracking_log_*.csv,lm2_conf,Tracking confidence or frame-quality score produced by the tracking pipeline.,unitless,Interpret with the tracking pipeline documentation. The release excludes the collector's internal gt_valid field.,Missing numeric values are represented as empty CSV cells/NaN; consult QC flags and manifests.
raw,hand tracking,tracking_log_*.csv,lm2_err1,Field retained from the source or derived file schema; see processing provenance for details.,see metadata,The release excludes the collector's internal gt_valid field.,Missing numeric values are represented as empty CSV cells/NaN; consult QC flags and manifests.
raw,hand tracking,tracking_log_*.csv,lm2_err2,Field retained from the source or derived file schema; see processing provenance for details.,see metadata,The release excludes the collector's internal gt_valid field.,Missing numeric values are represented as empty CSV cells/NaN; consult QC flags and manifests.
raw,hand tracking,tracking_log_*.csv,lm3_x,Stereo-triangulated 3D coordinate of the numbered teacher-hand landmark.,metres,"Contralateral teacher hand; raw tracking record, not preprocessed. The release excludes the collector's internal gt_valid field.",Missing numeric values are represented as empty CSV cells/NaN; consult QC flags and manifests.
raw,hand tracking,tracking_log_*.csv,lm3_y,Stereo-triangulated 3D coordinate of the numbered teacher-hand landmark.,metres,"Contralateral teacher hand; raw tracking record, not preprocessed. The release excludes the collector's internal gt_valid field.",Missing numeric values are represented as empty CSV cells/NaN; consult QC flags and manifests.
raw,hand tracking,tracking_log_*.csv,lm3_z,Stereo-triangulated 3D coordinate of the numbered teacher-hand landmark.,metres,"Contralateral teacher hand; raw tracking record, not preprocessed. The release excludes the collector's internal gt_valid field.",Missing numeric values are represented as empty CSV cells/NaN; consult QC flags and manifests.
raw,hand tracking,tracking_log_*.csv,c1_lm3_x,Field retained from the source or derived file schema; see processing provenance for details.,see metadata,The release excludes the collector's internal gt_valid field.,Missing numeric values are represented as empty CSV cells/NaN; consult QC flags and manifests.
raw,hand tracking,tracking_log_*.csv,c1_lm3_y,Field retained from the source or derived file schema; see processing provenance for details.,see metadata,The release excludes the collector's internal gt_valid field.,Missing numeric values are represented as empty CSV cells/NaN; consult QC flags and manifests.
raw,hand tracking,tracking_log_*.csv,c2_lm3_x,Field retained from the source or derived file schema; see processing provenance for details.,see metadata,The release excludes the collector's internal gt_valid field.,Missing numeric values are represented as empty CSV cells/NaN; consult QC flags and manifests.
raw,hand tracking,tracking_log_*.csv,c2_lm3_y,Field retained from the source or derived file schema; see processing provenance for details.,see metadata,The release excludes the collector's internal gt_valid field.,Missing numeric values are represented as empty CSV cells/NaN; consult QC flags and manifests.
raw,hand tracking,tracking_log_*.csv,lm3_conf,Tracking confidence or frame-quality score produced by the tracking pipeline.,unitless,Interpret with the tracking pipeline documentation. The release excludes the collector's internal gt_valid field.,Missing numeric values are represented as empty CSV cells/NaN; consult QC flags and manifests.
raw,hand tracking,tracking_log_*.csv,lm3_err1,Field retained from the source or derived file schema; see processing provenance for details.,see metadata,The release excludes the collector's internal gt_valid field.,Missing numeric values are represented as empty CSV cells/NaN; consult QC flags and manifests.
raw,hand tracking,tracking_log_*.csv,lm3_err2,Field retained from the source or derived file schema; see processing provenance for details.,see metadata,The release excludes the collector's internal gt_valid field.,Missing numeric values are represented as empty CSV cells/NaN; consult QC flags and manifests.
raw,hand tracking,tracking_log_*.csv,lm4_x,Stereo-triangulated 3D coordinate of the numbered teacher-hand landmark.,metres,"Contralateral teacher hand; raw tracking record, not preprocessed. The release excludes the collector's internal gt_valid field.",Missing numeric values are represented as empty CSV cells/NaN; consult QC flags and manifests.
raw,hand tracking,tracking_log_*.csv,lm4_y,Stereo-triangulated 3D coordinate of the numbered teacher-hand landmark.,metres,"Contralateral teacher hand; raw tracking record, not preprocessed. The release excludes the collector's internal gt_valid field.",Missing numeric values are represented as empty CSV cells/NaN; consult QC flags and manifests.
raw,hand tracking,tracking_log_*.csv,lm4_z,Stereo-triangulated 3D coordinate of the numbered teacher-hand landmark.,metres,"Contralateral teacher hand; raw tracking record, not preprocessed. The release excludes the collector's internal gt_valid field.",Missing numeric values are represented as empty CSV cells/NaN; consult QC flags and manifests.
raw,hand tracking,tracking_log_*.csv,c1_lm4_x,Field retained from the source or derived file schema; see processing provenance for details.,see metadata,The release excludes the collector's internal gt_valid field.,Missing numeric values are represented as empty CSV cells/NaN; consult QC flags and manifests.
raw,hand tracking,tracking_log_*.csv,c1_lm4_y,Field retained from the source or derived file schema; see processing provenance for details.,see metadata,The release excludes the collector's internal gt_valid field.,Missing numeric values are represented as empty CSV cells/NaN; consult QC flags and manifests.
raw,hand tracking,tracking_log_*.csv,c2_lm4_x,Field retained from the source or derived file schema; see processing provenance for details.,see metadata,The release excludes the collector's internal gt_valid field.,Missing numeric values are represented as empty CSV cells/NaN; consult QC flags and manifests.
raw,hand tracking,tracking_log_*.csv,c2_lm4_y,Field retained from the source or derived file schema; see processing provenance for details.,see metadata,The release excludes the collector's internal gt_valid field.,Missing numeric values are represented as empty CSV cells/NaN; consult QC flags and manifests.
raw,hand tracking,tracking_log_*.csv,lm4_conf,Tracking confidence or frame-quality score produced by the tracking pipeline.,unitless,Interpret with the tracking pipeline documentation. The release excludes the collector's internal gt_valid field.,Missing numeric values are represented as empty CSV cells/NaN; consult QC flags and manifests.
raw,hand tracking,tracking_log_*.csv,lm4_err1,Field retained from the source or derived file schema; see processing provenance for details.,see metadata,The release excludes the collector's internal gt_valid field.,Missing numeric values are represented as empty CSV cells/NaN; consult QC flags and manifests.
raw,hand tracking,tracking_log_*.csv,lm4_err2,Field retained from the source or derived file schema; see processing provenance for details.,see metadata,The release excludes the collector's internal gt_valid field.,Missing numeric values are represented as empty CSV cells/NaN; consult QC flags and manifests.
raw,hand tracking,tracking_log_*.csv,lm5_x,Stereo-triangulated 3D coordinate of the numbered teacher-hand landmark.,metres,"Contralateral teacher hand; raw tracking record, not preprocessed. The release excludes the collector's internal gt_valid field.",Missing numeric values are represented as empty CSV cells/NaN; consult QC flags and manifests.
raw,hand tracking,tracking_log_*.csv,lm5_y,Stereo-triangulated 3D coordinate of the numbered teacher-hand landmark.,metres,"Contralateral teacher hand; raw tracking record, not preprocessed. The release excludes the collector's internal gt_valid field.",Missing numeric values are represented as empty CSV cells/NaN; consult QC flags and manifests.
raw,hand tracking,tracking_log_*.csv,lm5_z,Stereo-triangulated 3D coordinate of the numbered teacher-hand landmark.,metres,"Contralateral teacher hand; raw tracking record, not preprocessed. The release excludes the collector's internal gt_valid field.",Missing numeric values are represented as empty CSV cells/NaN; consult QC flags and manifests.
raw,hand tracking,tracking_log_*.csv,c1_lm5_x,Field retained from the source or derived file schema; see processing provenance for details.,see metadata,The release excludes the collector's internal gt_valid field.,Missing numeric values are represented as empty CSV cells/NaN; consult QC flags and manifests.
raw,hand tracking,tracking_log_*.csv,c1_lm5_y,Field retained from the source or derived file schema; see processing provenance for details.,see metadata,The release excludes the collector's internal gt_valid field.,Missing numeric values are represented as empty CSV cells/NaN; consult QC flags and manifests.
raw,hand tracking,tracking_log_*.csv,c2_lm5_x,Field retained from the source or derived file schema; see processing provenance for details.,see metadata,The release excludes the collector's internal gt_valid field.,Missing numeric values are represented as empty CSV cells/NaN; consult QC flags and manifests.
raw,hand tracking,tracking_log_*.csv,c2_lm5_y,Field retained from the source or derived file schema; see processing provenance for details.,see metadata,The release excludes the collector's internal gt_valid field.,Missing numeric values are represented as empty CSV cells/NaN; consult QC flags and manifests.
raw,hand tracking,tracking_log_*.csv,lm5_conf,Tracking confidence or frame-quality score produced by the tracking pipeline.,unitless,Interpret with the tracking pipeline documentation. The release excludes the collector's internal gt_valid field.,Missing numeric values are represented as empty CSV cells/NaN; consult QC flags and manifests.
raw,hand tracking,tracking_log_*.csv,lm5_err1,Field retained from the source or derived file schema; see processing provenance for details.,see metadata,The release excludes the collector's internal gt_valid field.,Missing numeric values are represented as empty CSV cells/NaN; consult QC flags and manifests.
raw,hand tracking,tracking_log_*.csv,lm5_err2,Field retained from the source or derived file schema; see processing provenance for details.,see metadata,The release excludes the collector's internal gt_valid field.,Missing numeric values are represented as empty CSV cells/NaN; consult QC flags and manifests.
raw,hand tracking,tracking_log_*.csv,lm6_x,Stereo-triangulated 3D coordinate of the numbered teacher-hand landmark.,metres,"Contralateral teacher hand; raw tracking record, not preprocessed. The release excludes the collector's internal gt_valid field.",Missing numeric values are represented as empty CSV cells/NaN; consult QC flags and manifests.
raw,hand tracking,tracking_log_*.csv,lm6_y,Stereo-triangulated 3D coordinate of the numbered teacher-hand landmark.,metres,"Contralateral teacher hand; raw tracking record, not preprocessed. The release excludes the collector's internal gt_valid field.",Missing numeric values are represented as empty CSV cells/NaN; consult QC flags and manifests.
raw,hand tracking,tracking_log_*.csv,lm6_z,Stereo-triangulated 3D coordinate of the numbered teacher-hand landmark.,metres,"Contralateral teacher hand; raw tracking record, not preprocessed. The release excludes the collector's internal gt_valid field.",Missing numeric values are represented as empty CSV cells/NaN; consult QC flags and manifests.
raw,hand tracking,tracking_log_*.csv,c1_lm6_x,Field retained from the source or derived file schema; see processing provenance for details.,see metadata,The release excludes the collector's internal gt_valid field.,Missing numeric values are represented as empty CSV cells/NaN; consult QC flags and manifests.
raw,hand tracking,tracking_log_*.csv,c1_lm6_y,Field retained from the source or derived file schema; see processing provenance for details.,see metadata,The release excludes the collector's internal gt_valid field.,Missing numeric values are represented as empty CSV cells/NaN; consult QC flags and manifests.
raw,hand tracking,tracking_log_*.csv,c2_lm6_x,Field retained from the source or derived file schema; see processing provenance for details.,see metadata,The release excludes the collector's internal gt_valid field.,Missing numeric values are represented as empty CSV cells/NaN; consult QC flags and manifests.
raw,hand tracking,tracking_log_*.csv,c2_lm6_y,Field retained from the source or derived file schema; see processing provenance for details.,see metadata,The release excludes the collector's internal gt_valid field.,Missing numeric values are represented as empty CSV cells/NaN; consult QC flags and manifests.
raw,hand tracking,tracking_log_*.csv,lm6_conf,Tracking confidence or frame-quality score produced by the tracking pipeline.,unitless,Interpret with the tracking pipeline documentation. The release excludes the collector's internal gt_valid field.,Missing numeric values are represented as empty CSV cells/NaN; consult QC flags and manifests.
raw,hand tracking,tracking_log_*.csv,lm6_err1,Field retained from the source or derived file schema; see processing provenance for details.,see metadata,The release excludes the collector's internal gt_valid field.,Missing numeric values are represented as empty CSV cells/NaN; consult QC flags and manifests.
raw,hand tracking,tracking_log_*.csv,lm6_err2,Field retained from the source or derived file schema; see processing provenance for details.,see metadata,The release excludes the collector's internal gt_valid field.,Missing numeric values are represented as empty CSV cells/NaN; consult QC flags and manifests.
raw,hand tracking,tracking_log_*.csv,lm7_x,Stereo-triangulated 3D coordinate of the numbered teacher-hand landmark.,metres,"Contralateral teacher hand; raw tracking record, not preprocessed. The release excludes the collector's internal gt_valid field.",Missing numeric values are represented as empty CSV cells/NaN; consult QC flags and manifests.
raw,hand tracking,tracking_log_*.csv,lm7_y,Stereo-triangulated 3D coordinate of the numbered teacher-hand landmark.,metres,"Contralateral teacher hand; raw tracking record, not preprocessed. The release excludes the collector's internal gt_valid field.",Missing numeric values are represented as empty CSV cells/NaN; consult QC flags and manifests.
raw,hand tracking,tracking_log_*.csv,lm7_z,Stereo-triangulated 3D coordinate of the numbered teacher-hand landmark.,metres,"Contralateral teacher hand; raw tracking record, not preprocessed. The release excludes the collector's internal gt_valid field.",Missing numeric values are represented as empty CSV cells/NaN; consult QC flags and manifests.
raw,hand tracking,tracking_log_*.csv,c1_lm7_x,Field retained from the source or derived file schema; see processing provenance for details.,see metadata,The release excludes the collector's internal gt_valid field.,Missing numeric values are represented as empty CSV cells/NaN; consult QC flags and manifests.
raw,hand tracking,tracking_log_*.csv,c1_lm7_y,Field retained from the source or derived file schema; see processing provenance for details.,see metadata,The release excludes the collector's internal gt_valid field.,Missing numeric values are represented as empty CSV cells/NaN; consult QC flags and manifests.
raw,hand tracking,tracking_log_*.csv,c2_lm7_x,Field retained from the source or derived file schema; see processing provenance for details.,see metadata,The release excludes the collector's internal gt_valid field.,Missing numeric values are represented as empty CSV cells/NaN; consult QC flags and manifests.
raw,hand tracking,tracking_log_*.csv,c2_lm7_y,Field retained from the source or derived file schema; see processing provenance for details.,see metadata,The release excludes the collector's internal gt_valid field.,Missing numeric values are represented as empty CSV cells/NaN; consult QC flags and manifests.
raw,hand tracking,tracking_log_*.csv,lm7_conf,Tracking confidence or frame-quality score produced by the tracking pipeline.,unitless,Interpret with the tracking pipeline documentation. The release excludes the collector's internal gt_valid field.,Missing numeric values are represented as empty CSV cells/NaN; consult QC flags and manifests.
raw,hand tracking,tracking_log_*.csv,lm7_err1,Field retained from the source or derived file schema; see processing provenance for details.,see metadata,The release excludes the collector's internal gt_valid field.,Missing numeric values are represented as empty CSV cells/NaN; consult QC flags and manifests.
raw,hand tracking,tracking_log_*.csv,lm7_err2,Field retained from the source or derived file schema; see processing provenance for details.,see metadata,The release excludes the collector's internal gt_valid field.,Missing numeric values are represented as empty CSV cells/NaN; consult QC flags and manifests.
raw,hand tracking,tracking_log_*.csv,lm8_x,Stereo-triangulated 3D coordinate of the numbered teacher-hand landmark.,metres,"Contralateral teacher hand; raw tracking record, not preprocessed. The release excludes the collector's internal gt_valid field.",Missing numeric values are represented as empty CSV cells/NaN; consult QC flags and manifests.
raw,hand tracking,tracking_log_*.csv,lm8_y,Stereo-triangulated 3D coordinate of the numbered teacher-hand landmark.,metres,"Contralateral teacher hand; raw tracking record, not preprocessed. The release excludes the collector's internal gt_valid field.",Missing numeric values are represented as empty CSV cells/NaN; consult QC flags and manifests.
raw,hand tracking,tracking_log_*.csv,lm8_z,Stereo-triangulated 3D coordinate of the numbered teacher-hand landmark.,metres,"Contralateral teacher hand; raw tracking record, not preprocessed. The release excludes the collector's internal gt_valid field.",Missing numeric values are represented as empty CSV cells/NaN; consult QC flags and manifests.
raw,hand tracking,tracking_log_*.csv,c1_lm8_x,Field retained from the source or derived file schema; see processing provenance for details.,see metadata,The release excludes the collector's internal gt_valid field.,Missing numeric values are represented as empty CSV cells/NaN; consult QC flags and manifests.
raw,hand tracking,tracking_log_*.csv,c1_lm8_y,Field retained from the source or derived file schema; see processing provenance for details.,see metadata,The release excludes the collector's internal gt_valid field.,Missing numeric values are represented as empty CSV cells/NaN; consult QC flags and manifests.
raw,hand tracking,tracking_log_*.csv,c2_lm8_x,Field retained from the source or derived file schema; see processing provenance for details.,see metadata,The release excludes the collector's internal gt_valid field.,Missing numeric values are represented as empty CSV cells/NaN; consult QC flags and manifests.
raw,hand tracking,tracking_log_*.csv,c2_lm8_y,Field retained from the source or derived file schema; see processing provenance for details.,see metadata,The release excludes the collector's internal gt_valid field.,Missing numeric values are represented as empty CSV cells/NaN; consult QC flags and manifests.
raw,hand tracking,tracking_log_*.csv,lm8_conf,Tracking confidence or frame-quality score produced by the tracking pipeline.,unitless,Interpret with the tracking pipeline documentation. The release excludes the collector's internal gt_valid field.,Missing numeric values are represented as empty CSV cells/NaN; consult QC flags and manifests.
raw,hand tracking,tracking_log_*.csv,lm8_err1,Field retained from the source or derived file schema; see processing provenance for details.,see metadata,The release excludes the collector's internal gt_valid field.,Missing numeric values are represented as empty CSV cells/NaN; consult QC flags and manifests.
raw,hand tracking,tracking_log_*.csv,lm8_err2,Field retained from the source or derived file schema; see processing provenance for details.,see metadata,The release excludes the collector's internal gt_valid field.,Missing numeric values are represented as empty CSV cells/NaN; consult QC flags and manifests.
raw,hand tracking,tracking_log_*.csv,lm9_x,Stereo-triangulated 3D coordinate of the numbered teacher-hand landmark.,metres,"Contralateral teacher hand; raw tracking record, not preprocessed. The release excludes the collector's internal gt_valid field.",Missing numeric values are represented as empty CSV cells/NaN; consult QC flags and manifests.
raw,hand tracking,tracking_log_*.csv,lm9_y,Stereo-triangulated 3D coordinate of the numbered teacher-hand landmark.,metres,"Contralateral teacher hand; raw tracking record, not preprocessed. The release excludes the collector's internal gt_valid field.",Missing numeric values are represented as empty CSV cells/NaN; consult QC flags and manifests.
raw,hand tracking,tracking_log_*.csv,lm9_z,Stereo-triangulated 3D coordinate of the numbered teacher-hand landmark.,metres,"Contralateral teacher hand; raw tracking record, not preprocessed. The release excludes the collector's internal gt_valid field.",Missing numeric values are represented as empty CSV cells/NaN; consult QC flags and manifests.
raw,hand tracking,tracking_log_*.csv,c1_lm9_x,Field retained from the source or derived file schema; see processing provenance for details.,see metadata,The release excludes the collector's internal gt_valid field.,Missing numeric values are represented as empty CSV cells/NaN; consult QC flags and manifests.
raw,hand tracking,tracking_log_*.csv,c1_lm9_y,Field retained from the source or derived file schema; see processing provenance for details.,see metadata,The release excludes the collector's internal gt_valid field.,Missing numeric values are represented as empty CSV cells/NaN; consult QC flags and manifests.
raw,hand tracking,tracking_log_*.csv,c2_lm9_x,Field retained from the source or derived file schema; see processing provenance for details.,see metadata,The release excludes the collector's internal gt_valid field.,Missing numeric values are represented as empty CSV cells/NaN; consult QC flags and manifests.
raw,hand tracking,tracking_log_*.csv,c2_lm9_y,Field retained from the source or derived file schema; see processing provenance for details.,see metadata,The release excludes the collector's internal gt_valid field.,Missing numeric values are represented as empty CSV cells/NaN; consult QC flags and manifests.
raw,hand tracking,tracking_log_*.csv,lm9_conf,Tracking confidence or frame-quality score produced by the tracking pipeline.,unitless,Interpret with the tracking pipeline documentation. The release excludes the collector's internal gt_valid field.,Missing numeric values are represented as empty CSV cells/NaN; consult QC flags and manifests.
raw,hand tracking,tracking_log_*.csv,lm9_err1,Field retained from the source or derived file schema; see processing provenance for details.,see metadata,The release excludes the collector's internal gt_valid field.,Missing numeric values are represented as empty CSV cells/NaN; consult QC flags and manifests.
raw,hand tracking,tracking_log_*.csv,lm9_err2,Field retained from the source or derived file schema; see processing provenance for details.,see metadata,The release excludes the collector's internal gt_valid field.,Missing numeric values are represented as empty CSV cells/NaN; consult QC flags and manifests.
raw,hand tracking,tracking_log_*.csv,lm10_x,Stereo-triangulated 3D coordinate of the numbered teacher-hand landmark.,metres,"Contralateral teacher hand; raw tracking record, not preprocessed. The release excludes the collector's internal gt_valid field.",Missing numeric values are represented as empty CSV cells/NaN; consult QC flags and manifests.
raw,hand tracking,tracking_log_*.csv,lm10_y,Stereo-triangulated 3D coordinate of the numbered teacher-hand landmark.,metres,"Contralateral teacher hand; raw tracking record, not preprocessed. The release excludes the collector's internal gt_valid field.",Missing numeric values are represented as empty CSV cells/NaN; consult QC flags and manifests.
raw,hand tracking,tracking_log_*.csv,lm10_z,Stereo-triangulated 3D coordinate of the numbered teacher-hand landmark.,metres,"Contralateral teacher hand; raw tracking record, not preprocessed. The release excludes the collector's internal gt_valid field.",Missing numeric values are represented as empty CSV cells/NaN; consult QC flags and manifests.
raw,hand tracking,tracking_log_*.csv,c1_lm10_x,Field retained from the source or derived file schema; see processing provenance for details.,see metadata,The release excludes the collector's internal gt_valid field.,Missing numeric values are represented as empty CSV cells/NaN; consult QC flags and manifests.
raw,hand tracking,tracking_log_*.csv,c1_lm10_y,Field retained from the source or derived file schema; see processing provenance for details.,see metadata,The release excludes the collector's internal gt_valid field.,Missing numeric values are represented as empty CSV cells/NaN; consult QC flags and manifests.
raw,hand tracking,tracking_log_*.csv,c2_lm10_x,Field retained from the source or derived file schema; see processing provenance for details.,see metadata,The release excludes the collector's internal gt_valid field.,Missing numeric values are represented as empty CSV cells/NaN; consult QC flags and manifests.
raw,hand tracking,tracking_log_*.csv,c2_lm10_y,Field retained from the source or derived file schema; see processing provenance for details.,see metadata,The release excludes the collector's internal gt_valid field.,Missing numeric values are represented as empty CSV cells/NaN; consult QC flags and manifests.
raw,hand tracking,tracking_log_*.csv,lm10_conf,Tracking confidence or frame-quality score produced by the tracking pipeline.,unitless,Interpret with the tracking pipeline documentation. The release excludes the collector's internal gt_valid field.,Missing numeric values are represented as empty CSV cells/NaN; consult QC flags and manifests.
raw,hand tracking,tracking_log_*.csv,lm10_err1,Field retained from the source or derived file schema; see processing provenance for details.,see metadata,The release excludes the collector's internal gt_valid field.,Missing numeric values are represented as empty CSV cells/NaN; consult QC flags and manifests.
raw,hand tracking,tracking_log_*.csv,lm10_err2,Field retained from the source or derived file schema; see processing provenance for details.,see metadata,The release excludes the collector's internal gt_valid field.,Missing numeric values are represented as empty CSV cells/NaN; consult QC flags and manifests.
raw,hand tracking,tracking_log_*.csv,lm11_x,Stereo-triangulated 3D coordinate of the numbered teacher-hand landmark.,metres,"Contralateral teacher hand; raw tracking record, not preprocessed. The release excludes the collector's internal gt_valid field.",Missing numeric values are represented as empty CSV cells/NaN; consult QC flags and manifests.
raw,hand tracking,tracking_log_*.csv,lm11_y,Stereo-triangulated 3D coordinate of the numbered teacher-hand landmark.,metres,"Contralateral teacher hand; raw tracking record, not preprocessed. The release excludes the collector's internal gt_valid field.",Missing numeric values are represented as empty CSV cells/NaN; consult QC flags and manifests.
raw,hand tracking,tracking_log_*.csv,lm11_z,Stereo-triangulated 3D coordinate of the numbered teacher-hand landmark.,metres,"Contralateral teacher hand; raw tracking record, not preprocessed. The release excludes the collector's internal gt_valid field.",Missing numeric values are represented as empty CSV cells/NaN; consult QC flags and manifests.
raw,hand tracking,tracking_log_*.csv,c1_lm11_x,Field retained from the source or derived file schema; see processing provenance for details.,see metadata,The release excludes the collector's internal gt_valid field.,Missing numeric values are represented as empty CSV cells/NaN; consult QC flags and manifests.
raw,hand tracking,tracking_log_*.csv,c1_lm11_y,Field retained from the source or derived file schema; see processing provenance for details.,see metadata,The release excludes the collector's internal gt_valid field.,Missing numeric values are represented as empty CSV cells/NaN; consult QC flags and manifests.
raw,hand tracking,tracking_log_*.csv,c2_lm11_x,Field retained from the source or derived file schema; see processing provenance for details.,see metadata,The release excludes the collector's internal gt_valid field.,Missing numeric values are represented as empty CSV cells/NaN; consult QC flags and manifests.
raw,hand tracking,tracking_log_*.csv,c2_lm11_y,Field retained from the source or derived file schema; see processing provenance for details.,see metadata,The release excludes the collector's internal gt_valid field.,Missing numeric values are represented as empty CSV cells/NaN; consult QC flags and manifests.
raw,hand tracking,tracking_log_*.csv,lm11_conf,Tracking confidence or frame-quality score produced by the tracking pipeline.,unitless,Interpret with the tracking pipeline documentation. The release excludes the collector's internal gt_valid field.,Missing numeric values are represented as empty CSV cells/NaN; consult QC flags and manifests.
raw,hand tracking,tracking_log_*.csv,lm11_err1,Field retained from the source or derived file schema; see processing provenance for details.,see metadata,The release excludes the collector's internal gt_valid field.,Missing numeric values are represented as empty CSV cells/NaN; consult QC flags and manifests.
raw,hand tracking,tracking_log_*.csv,lm11_err2,Field retained from the source or derived file schema; see processing provenance for details.,see metadata,The release excludes the collector's internal gt_valid field.,Missing numeric values are represented as empty CSV cells/NaN; consult QC flags and manifests.
raw,hand tracking,tracking_log_*.csv,lm12_x,Stereo-triangulated 3D coordinate of the numbered teacher-hand landmark.,metres,"Contralateral teacher hand; raw tracking record, not preprocessed. The release excludes the collector's internal gt_valid field.",Missing numeric values are represented as empty CSV cells/NaN; consult QC flags and manifests.
raw,hand tracking,tracking_log_*.csv,lm12_y,Stereo-triangulated 3D coordinate of the numbered teacher-hand landmark.,metres,"Contralateral teacher hand; raw tracking record, not preprocessed. The release excludes the collector's internal gt_valid field.",Missing numeric values are represented as empty CSV cells/NaN; consult QC flags and manifests.
raw,hand tracking,tracking_log_*.csv,lm12_z,Stereo-triangulated 3D coordinate of the numbered teacher-hand landmark.,metres,"Contralateral teacher hand; raw tracking record, not preprocessed. The release excludes the collector's internal gt_valid field.",Missing numeric values are represented as empty CSV cells/NaN; consult QC flags and manifests.
raw,hand tracking,tracking_log_*.csv,c1_lm12_x,Field retained from the source or derived file schema; see processing provenance for details.,see metadata,The release excludes the collector's internal gt_valid field.,Missing numeric values are represented as empty CSV cells/NaN; consult QC flags and manifests.
raw,hand tracking,tracking_log_*.csv,c1_lm12_y,Field retained from the source or derived file schema; see processing provenance for details.,see metadata,The release excludes the collector's internal gt_valid field.,Missing numeric values are represented as empty CSV cells/NaN; consult QC flags and manifests.
raw,hand tracking,tracking_log_*.csv,c2_lm12_x,Field retained from the source or derived file schema; see processing provenance for details.,see metadata,The release excludes the collector's internal gt_valid field.,Missing numeric values are represented as empty CSV cells/NaN; consult QC flags and manifests.
raw,hand tracking,tracking_log_*.csv,c2_lm12_y,Field retained from the source or derived file schema; see processing provenance for details.,see metadata,The release excludes the collector's internal gt_valid field.,Missing numeric values are represented as empty CSV cells/NaN; consult QC flags and manifests.
raw,hand tracking,tracking_log_*.csv,lm12_conf,Tracking confidence or frame-quality score produced by the tracking pipeline.,unitless,Interpret with the tracking pipeline documentation. The release excludes the collector's internal gt_valid field.,Missing numeric values are represented as empty CSV cells/NaN; consult QC flags and manifests.
raw,hand tracking,tracking_log_*.csv,lm12_err1,Field retained from the source or derived file schema; see processing provenance for details.,see metadata,The release excludes the collector's internal gt_valid field.,Missing numeric values are represented as empty CSV cells/NaN; consult QC flags and manifests.
raw,hand tracking,tracking_log_*.csv,lm12_err2,Field retained from the source or derived file schema; see processing provenance for details.,see metadata,The release excludes the collector's internal gt_valid field.,Missing numeric values are represented as empty CSV cells/NaN; consult QC flags and manifests.
raw,hand tracking,tracking_log_*.csv,lm13_x,Stereo-triangulated 3D coordinate of the numbered teacher-hand landmark.,metres,"Contralateral teacher hand; raw tracking record, not preprocessed. The release excludes the collector's internal gt_valid field.",Missing numeric values are represented as empty CSV cells/NaN; consult QC flags and manifests.
raw,hand tracking,tracking_log_*.csv,lm13_y,Stereo-triangulated 3D coordinate of the numbered teacher-hand landmark.,metres,"Contralateral teacher hand; raw tracking record, not preprocessed. The release excludes the collector's internal gt_valid field.",Missing numeric values are represented as empty CSV cells/NaN; consult QC flags and manifests.
raw,hand tracking,tracking_log_*.csv,lm13_z,Stereo-triangulated 3D coordinate of the numbered teacher-hand landmark.,metres,"Contralateral teacher hand; raw tracking record, not preprocessed. The release excludes the collector's internal gt_valid field.",Missing numeric values are represented as empty CSV cells/NaN; consult QC flags and manifests.
raw,hand tracking,tracking_log_*.csv,c1_lm13_x,Field retained from the source or derived file schema; see processing provenance for details.,see metadata,The release excludes the collector's internal gt_valid field.,Missing numeric values are represented as empty CSV cells/NaN; consult QC flags and manifests.
raw,hand tracking,tracking_log_*.csv,c1_lm13_y,Field retained from the source or derived file schema; see processing provenance for details.,see metadata,The release excludes the collector's internal gt_valid field.,Missing numeric values are represented as empty CSV cells/NaN; consult QC flags and manifests.
raw,hand tracking,tracking_log_*.csv,c2_lm13_x,Field retained from the source or derived file schema; see processing provenance for details.,see metadata,The release excludes the collector's internal gt_valid field.,Missing numeric values are represented as empty CSV cells/NaN; consult QC flags and manifests.
raw,hand tracking,tracking_log_*.csv,c2_lm13_y,Field retained from the source or derived file schema; see processing provenance for details.,see metadata,The release excludes the collector's internal gt_valid field.,Missing numeric values are represented as empty CSV cells/NaN; consult QC flags and manifests.
raw,hand tracking,tracking_log_*.csv,lm13_conf,Tracking confidence or frame-quality score produced by the tracking pipeline.,unitless,Interpret with the tracking pipeline documentation. The release excludes the collector's internal gt_valid field.,Missing numeric values are represented as empty CSV cells/NaN; consult QC flags and manifests.
raw,hand tracking,tracking_log_*.csv,lm13_err1,Field retained from the source or derived file schema; see processing provenance for details.,see metadata,The release excludes the collector's internal gt_valid field.,Missing numeric values are represented as empty CSV cells/NaN; consult QC flags and manifests.
raw,hand tracking,tracking_log_*.csv,lm13_err2,Field retained from the source or derived file schema; see processing provenance for details.,see metadata,The release excludes the collector's internal gt_valid field.,Missing numeric values are represented as empty CSV cells/NaN; consult QC flags and manifests.
raw,hand tracking,tracking_log_*.csv,lm14_x,Stereo-triangulated 3D coordinate of the numbered teacher-hand landmark.,metres,"Contralateral teacher hand; raw tracking record, not preprocessed. The release excludes the collector's internal gt_valid field.",Missing numeric values are represented as empty CSV cells/NaN; consult QC flags and manifests.
raw,hand tracking,tracking_log_*.csv,lm14_y,Stereo-triangulated 3D coordinate of the numbered teacher-hand landmark.,metres,"Contralateral teacher hand; raw tracking record, not preprocessed. The release excludes the collector's internal gt_valid field.",Missing numeric values are represented as empty CSV cells/NaN; consult QC flags and manifests.
raw,hand tracking,tracking_log_*.csv,lm14_z,Stereo-triangulated 3D coordinate of the numbered teacher-hand landmark.,metres,"Contralateral teacher hand; raw tracking record, not preprocessed. The release excludes the collector's internal gt_valid field.",Missing numeric values are represented as empty CSV cells/NaN; consult QC flags and manifests.
raw,hand tracking,tracking_log_*.csv,c1_lm14_x,Field retained from the source or derived file schema; see processing provenance for details.,see metadata,The release excludes the collector's internal gt_valid field.,Missing numeric values are represented as empty CSV cells/NaN; consult QC flags and manifests.
raw,hand tracking,tracking_log_*.csv,c1_lm14_y,Field retained from the source or derived file schema; see processing provenance for details.,see metadata,The release excludes the collector's internal gt_valid field.,Missing numeric values are represented as empty CSV cells/NaN; consult QC flags and manifests.
raw,hand tracking,tracking_log_*.csv,c2_lm14_x,Field retained from the source or derived file schema; see processing provenance for details.,see metadata,The release excludes the collector's internal gt_valid field.,Missing numeric values are represented as empty CSV cells/NaN; consult QC flags and manifests.
raw,hand tracking,tracking_log_*.csv,c2_lm14_y,Field retained from the source or derived file schema; see processing provenance for details.,see metadata,The release excludes the collector's internal gt_valid field.,Missing numeric values are represented as empty CSV cells/NaN; consult QC flags and manifests.
raw,hand tracking,tracking_log_*.csv,lm14_conf,Tracking confidence or frame-quality score produced by the tracking pipeline.,unitless,Interpret with the tracking pipeline documentation. The release excludes the collector's internal gt_valid field.,Missing numeric values are represented as empty CSV cells/NaN; consult QC flags and manifests.
raw,hand tracking,tracking_log_*.csv,lm14_err1,Field retained from the source or derived file schema; see processing provenance for details.,see metadata,The release excludes the collector's internal gt_valid field.,Missing numeric values are represented as empty CSV cells/NaN; consult QC flags and manifests.
raw,hand tracking,tracking_log_*.csv,lm14_err2,Field retained from the source or derived file schema; see processing provenance for details.,see metadata,The release excludes the collector's internal gt_valid field.,Missing numeric values are represented as empty CSV cells/NaN; consult QC flags and manifests.
raw,hand tracking,tracking_log_*.csv,lm15_x,Stereo-triangulated 3D coordinate of the numbered teacher-hand landmark.,metres,"Contralateral teacher hand; raw tracking record, not preprocessed. The release excludes the collector's internal gt_valid field.",Missing numeric values are represented as empty CSV cells/NaN; consult QC flags and manifests.
raw,hand tracking,tracking_log_*.csv,lm15_y,Stereo-triangulated 3D coordinate of the numbered teacher-hand landmark.,metres,"Contralateral teacher hand; raw tracking record, not preprocessed. The release excludes the collector's internal gt_valid field.",Missing numeric values are represented as empty CSV cells/NaN; consult QC flags and manifests.
raw,hand tracking,tracking_log_*.csv,lm15_z,Stereo-triangulated 3D coordinate of the numbered teacher-hand landmark.,metres,"Contralateral teacher hand; raw tracking record, not preprocessed. The release excludes the collector's internal gt_valid field.",Missing numeric values are represented as empty CSV cells/NaN; consult QC flags and manifests.
raw,hand tracking,tracking_log_*.csv,c1_lm15_x,Field retained from the source or derived file schema; see processing provenance for details.,see metadata,The release excludes the collector's internal gt_valid field.,Missing numeric values are represented as empty CSV cells/NaN; consult QC flags and manifests.
raw,hand tracking,tracking_log_*.csv,c1_lm15_y,Field retained from the source or derived file schema; see processing provenance for details.,see metadata,The release excludes the collector's internal gt_valid field.,Missing numeric values are represented as empty CSV cells/NaN; consult QC flags and manifests.
raw,hand tracking,tracking_log_*.csv,c2_lm15_x,Field retained from the source or derived file schema; see processing provenance for details.,see metadata,The release excludes the collector's internal gt_valid field.,Missing numeric values are represented as empty CSV cells/NaN; consult QC flags and manifests.
raw,hand tracking,tracking_log_*.csv,c2_lm15_y,Field retained from the source or derived file schema; see processing provenance for details.,see metadata,The release excludes the collector's internal gt_valid field.,Missing numeric values are represented as empty CSV cells/NaN; consult QC flags and manifests.
raw,hand tracking,tracking_log_*.csv,lm15_conf,Tracking confidence or frame-quality score produced by the tracking pipeline.,unitless,Interpret with the tracking pipeline documentation. The release excludes the collector's internal gt_valid field.,Missing numeric values are represented as empty CSV cells/NaN; consult QC flags and manifests.
raw,hand tracking,tracking_log_*.csv,lm15_err1,Field retained from the source or derived file schema; see processing provenance for details.,see metadata,The release excludes the collector's internal gt_valid field.,Missing numeric values are represented as empty CSV cells/NaN; consult QC flags and manifests.
raw,hand tracking,tracking_log_*.csv,lm15_err2,Field retained from the source or derived file schema; see processing provenance for details.,see metadata,The release excludes the collector's internal gt_valid field.,Missing numeric values are represented as empty CSV cells/NaN; consult QC flags and manifests.
raw,hand tracking,tracking_log_*.csv,lm16_x,Stereo-triangulated 3D coordinate of the numbered teacher-hand landmark.,metres,"Contralateral teacher hand; raw tracking record, not preprocessed. The release excludes the collector's internal gt_valid field.",Missing numeric values are represented as empty CSV cells/NaN; consult QC flags and manifests.
raw,hand tracking,tracking_log_*.csv,lm16_y,Stereo-triangulated 3D coordinate of the numbered teacher-hand landmark.,metres,"Contralateral teacher hand; raw tracking record, not preprocessed. The release excludes the collector's internal gt_valid field.",Missing numeric values are represented as empty CSV cells/NaN; consult QC flags and manifests.
raw,hand tracking,tracking_log_*.csv,lm16_z,Stereo-triangulated 3D coordinate of the numbered teacher-hand landmark.,metres,"Contralateral teacher hand; raw tracking record, not preprocessed. The release excludes the collector's internal gt_valid field.",Missing numeric values are represented as empty CSV cells/NaN; consult QC flags and manifests.
raw,hand tracking,tracking_log_*.csv,c1_lm16_x,Field retained from the source or derived file schema; see processing provenance for details.,see metadata,The release excludes the collector's internal gt_valid field.,Missing numeric values are represented as empty CSV cells/NaN; consult QC flags and manifests.
raw,hand tracking,tracking_log_*.csv,c1_lm16_y,Field retained from the source or derived file schema; see processing provenance for details.,see metadata,The release excludes the collector's internal gt_valid field.,Missing numeric values are represented as empty CSV cells/NaN; consult QC flags and manifests.
raw,hand tracking,tracking_log_*.csv,c2_lm16_x,Field retained from the source or derived file schema; see processing provenance for details.,see metadata,The release excludes the collector's internal gt_valid field.,Missing numeric values are represented as empty CSV cells/NaN; consult QC flags and manifests.
raw,hand tracking,tracking_log_*.csv,c2_lm16_y,Field retained from the source or derived file schema; see processing provenance for details.,see metadata,The release excludes the collector's internal gt_valid field.,Missing numeric values are represented as empty CSV cells/NaN; consult QC flags and manifests.
raw,hand tracking,tracking_log_*.csv,lm16_conf,Tracking confidence or frame-quality score produced by the tracking pipeline.,unitless,Interpret with the tracking pipeline documentation. The release excludes the collector's internal gt_valid field.,Missing numeric values are represented as empty CSV cells/NaN; consult QC flags and manifests.
raw,hand tracking,tracking_log_*.csv,lm16_err1,Field retained from the source or derived file schema; see processing provenance for details.,see metadata,The release excludes the collector's internal gt_valid field.,Missing numeric values are represented as empty CSV cells/NaN; consult QC flags and manifests.
raw,hand tracking,tracking_log_*.csv,lm16_err2,Field retained from the source or derived file schema; see processing provenance for details.,see metadata,The release excludes the collector's internal gt_valid field.,Missing numeric values are represented as empty CSV cells/NaN; consult QC flags and manifests.
raw,hand tracking,tracking_log_*.csv,lm17_x,Stereo-triangulated 3D coordinate of the numbered teacher-hand landmark.,metres,"Contralateral teacher hand; raw tracking record, not preprocessed. The release excludes the collector's internal gt_valid field.",Missing numeric values are represented as empty CSV cells/NaN; consult QC flags and manifests.
raw,hand tracking,tracking_log_*.csv,lm17_y,Stereo-triangulated 3D coordinate of the numbered teacher-hand landmark.,metres,"Contralateral teacher hand; raw tracking record, not preprocessed. The release excludes the collector's internal gt_valid field.",Missing numeric values are represented as empty CSV cells/NaN; consult QC flags and manifests.
raw,hand tracking,tracking_log_*.csv,lm17_z,Stereo-triangulated 3D coordinate of the numbered teacher-hand landmark.,metres,"Contralateral teacher hand; raw tracking record, not preprocessed. The release excludes the collector's internal gt_valid field.",Missing numeric values are represented as empty CSV cells/NaN; consult QC flags and manifests.
raw,hand tracking,tracking_log_*.csv,c1_lm17_x,Field retained from the source or derived file schema; see processing provenance for details.,see metadata,The release excludes the collector's internal gt_valid field.,Missing numeric values are represented as empty CSV cells/NaN; consult QC flags and manifests.
raw,hand tracking,tracking_log_*.csv,c1_lm17_y,Field retained from the source or derived file schema; see processing provenance for details.,see metadata,The release excludes the collector's internal gt_valid field.,Missing numeric values are represented as empty CSV cells/NaN; consult QC flags and manifests.
raw,hand tracking,tracking_log_*.csv,c2_lm17_x,Field retained from the source or derived file schema; see processing provenance for details.,see metadata,The release excludes the collector's internal gt_valid field.,Missing numeric values are represented as empty CSV cells/NaN; consult QC flags and manifests.
raw,hand tracking,tracking_log_*.csv,c2_lm17_y,Field retained from the source or derived file schema; see processing provenance for details.,see metadata,The release excludes the collector's internal gt_valid field.,Missing numeric values are represented as empty CSV cells/NaN; consult QC flags and manifests.
raw,hand tracking,tracking_log_*.csv,lm17_conf,Tracking confidence or frame-quality score produced by the tracking pipeline.,unitless,Interpret with the tracking pipeline documentation. The release excludes the collector's internal gt_valid field.,Missing numeric values are represented as empty CSV cells/NaN; consult QC flags and manifests.
raw,hand tracking,tracking_log_*.csv,lm17_err1,Field retained from the source or derived file schema; see processing provenance for details.,see metadata,The release excludes the collector's internal gt_valid field.,Missing numeric values are represented as empty CSV cells/NaN; consult QC flags and manifests.
raw,hand tracking,tracking_log_*.csv,lm17_err2,Field retained from the source or derived file schema; see processing provenance for details.,see metadata,The release excludes the collector's internal gt_valid field.,Missing numeric values are represented as empty CSV cells/NaN; consult QC flags and manifests.
raw,hand tracking,tracking_log_*.csv,lm18_x,Stereo-triangulated 3D coordinate of the numbered teacher-hand landmark.,metres,"Contralateral teacher hand; raw tracking record, not preprocessed. The release excludes the collector's internal gt_valid field.",Missing numeric values are represented as empty CSV cells/NaN; consult QC flags and manifests.
raw,hand tracking,tracking_log_*.csv,lm18_y,Stereo-triangulated 3D coordinate of the numbered teacher-hand landmark.,metres,"Contralateral teacher hand; raw tracking record, not preprocessed. The release excludes the collector's internal gt_valid field.",Missing numeric values are represented as empty CSV cells/NaN; consult QC flags and manifests.
raw,hand tracking,tracking_log_*.csv,lm18_z,Stereo-triangulated 3D coordinate of the numbered teacher-hand landmark.,metres,"Contralateral teacher hand; raw tracking record, not preprocessed. The release excludes the collector's internal gt_valid field.",Missing numeric values are represented as empty CSV cells/NaN; consult QC flags and manifests.
raw,hand tracking,tracking_log_*.csv,c1_lm18_x,Field retained from the source or derived file schema; see processing provenance for details.,see metadata,The release excludes the collector's internal gt_valid field.,Missing numeric values are represented as empty CSV cells/NaN; consult QC flags and manifests.
raw,hand tracking,tracking_log_*.csv,c1_lm18_y,Field retained from the source or derived file schema; see processing provenance for details.,see metadata,The release excludes the collector's internal gt_valid field.,Missing numeric values are represented as empty CSV cells/NaN; consult QC flags and manifests.
raw,hand tracking,tracking_log_*.csv,c2_lm18_x,Field retained from the source or derived file schema; see processing provenance for details.,see metadata,The release excludes the collector's internal gt_valid field.,Missing numeric values are represented as empty CSV cells/NaN; consult QC flags and manifests.
raw,hand tracking,tracking_log_*.csv,c2_lm18_y,Field retained from the source or derived file schema; see processing provenance for details.,see metadata,The release excludes the collector's internal gt_valid field.,Missing numeric values are represented as empty CSV cells/NaN; consult QC flags and manifests.
raw,hand tracking,tracking_log_*.csv,lm18_conf,Tracking confidence or frame-quality score produced by the tracking pipeline.,unitless,Interpret with the tracking pipeline documentation. The release excludes the collector's internal gt_valid field.,Missing numeric values are represented as empty CSV cells/NaN; consult QC flags and manifests.
raw,hand tracking,tracking_log_*.csv,lm18_err1,Field retained from the source or derived file schema; see processing provenance for details.,see metadata,The release excludes the collector's internal gt_valid field.,Missing numeric values are represented as empty CSV cells/NaN; consult QC flags and manifests.
raw,hand tracking,tracking_log_*.csv,lm18_err2,Field retained from the source or derived file schema; see processing provenance for details.,see metadata,The release excludes the collector's internal gt_valid field.,Missing numeric values are represented as empty CSV cells/NaN; consult QC flags and manifests.
raw,hand tracking,tracking_log_*.csv,lm19_x,Stereo-triangulated 3D coordinate of the numbered teacher-hand landmark.,metres,"Contralateral teacher hand; raw tracking record, not preprocessed. The release excludes the collector's internal gt_valid field.",Missing numeric values are represented as empty CSV cells/NaN; consult QC flags and manifests.
raw,hand tracking,tracking_log_*.csv,lm19_y,Stereo-triangulated 3D coordinate of the numbered teacher-hand landmark.,metres,"Contralateral teacher hand; raw tracking record, not preprocessed. The release excludes the collector's internal gt_valid field.",Missing numeric values are represented as empty CSV cells/NaN; consult QC flags and manifests.
raw,hand tracking,tracking_log_*.csv,lm19_z,Stereo-triangulated 3D coordinate of the numbered teacher-hand landmark.,metres,"Contralateral teacher hand; raw tracking record, not preprocessed. The release excludes the collector's internal gt_valid field.",Missing numeric values are represented as empty CSV cells/NaN; consult QC flags and manifests.
raw,hand tracking,tracking_log_*.csv,c1_lm19_x,Field retained from the source or derived file schema; see processing provenance for details.,see metadata,The release excludes the collector's internal gt_valid field.,Missing numeric values are represented as empty CSV cells/NaN; consult QC flags and manifests.
raw,hand tracking,tracking_log_*.csv,c1_lm19_y,Field retained from the source or derived file schema; see processing provenance for details.,see metadata,The release excludes the collector's internal gt_valid field.,Missing numeric values are represented as empty CSV cells/NaN; consult QC flags and manifests.
raw,hand tracking,tracking_log_*.csv,c2_lm19_x,Field retained from the source or derived file schema; see processing provenance for details.,see metadata,The release excludes the collector's internal gt_valid field.,Missing numeric values are represented as empty CSV cells/NaN; consult QC flags and manifests.
raw,hand tracking,tracking_log_*.csv,c2_lm19_y,Field retained from the source or derived file schema; see processing provenance for details.,see metadata,The release excludes the collector's internal gt_valid field.,Missing numeric values are represented as empty CSV cells/NaN; consult QC flags and manifests.
raw,hand tracking,tracking_log_*.csv,lm19_conf,Tracking confidence or frame-quality score produced by the tracking pipeline.,unitless,Interpret with the tracking pipeline documentation. The release excludes the collector's internal gt_valid field.,Missing numeric values are represented as empty CSV cells/NaN; consult QC flags and manifests.
raw,hand tracking,tracking_log_*.csv,lm19_err1,Field retained from the source or derived file schema; see processing provenance for details.,see metadata,The release excludes the collector's internal gt_valid field.,Missing numeric values are represented as empty CSV cells/NaN; consult QC flags and manifests.
raw,hand tracking,tracking_log_*.csv,lm19_err2,Field retained from the source or derived file schema; see processing provenance for details.,see metadata,The release excludes the collector's internal gt_valid field.,Missing numeric values are represented as empty CSV cells/NaN; consult QC flags and manifests.
raw,hand tracking,tracking_log_*.csv,lm20_x,Stereo-triangulated 3D coordinate of the numbered teacher-hand landmark.,metres,"Contralateral teacher hand; raw tracking record, not preprocessed. The release excludes the collector's internal gt_valid field.",Missing numeric values are represented as empty CSV cells/NaN; consult QC flags and manifests.
raw,hand tracking,tracking_log_*.csv,lm20_y,Stereo-triangulated 3D coordinate of the numbered teacher-hand landmark.,metres,"Contralateral teacher hand; raw tracking record, not preprocessed. The release excludes the collector's internal gt_valid field.",Missing numeric values are represented as empty CSV cells/NaN; consult QC flags and manifests.
raw,hand tracking,tracking_log_*.csv,lm20_z,Stereo-triangulated 3D coordinate of the numbered teacher-hand landmark.,metres,"Contralateral teacher hand; raw tracking record, not preprocessed. The release excludes the collector's internal gt_valid field.",Missing numeric values are represented as empty CSV cells/NaN; consult QC flags and manifests.
raw,hand tracking,tracking_log_*.csv,c1_lm20_x,Field retained from the source or derived file schema; see processing provenance for details.,see metadata,The release excludes the collector's internal gt_valid field.,Missing numeric values are represented as empty CSV cells/NaN; consult QC flags and manifests.
raw,hand tracking,tracking_log_*.csv,c1_lm20_y,Field retained from the source or derived file schema; see processing provenance for details.,see metadata,The release excludes the collector's internal gt_valid field.,Missing numeric values are represented as empty CSV cells/NaN; consult QC flags and manifests.
raw,hand tracking,tracking_log_*.csv,c2_lm20_x,Field retained from the source or derived file schema; see processing provenance for details.,see metadata,The release excludes the collector's internal gt_valid field.,Missing numeric values are represented as empty CSV cells/NaN; consult QC flags and manifests.
raw,hand tracking,tracking_log_*.csv,c2_lm20_y,Field retained from the source or derived file schema; see processing provenance for details.,see metadata,The release excludes the collector's internal gt_valid field.,Missing numeric values are represented as empty CSV cells/NaN; consult QC flags and manifests.
raw,hand tracking,tracking_log_*.csv,lm20_conf,Tracking confidence or frame-quality score produced by the tracking pipeline.,unitless,Interpret with the tracking pipeline documentation. The release excludes the collector's internal gt_valid field.,Missing numeric values are represented as empty CSV cells/NaN; consult QC flags and manifests.
raw,hand tracking,tracking_log_*.csv,lm20_err1,Field retained from the source or derived file schema; see processing provenance for details.,see metadata,The release excludes the collector's internal gt_valid field.,Missing numeric values are represented as empty CSV cells/NaN; consult QC flags and manifests.
raw,hand tracking,tracking_log_*.csv,lm20_err2,Field retained from the source or derived file schema; see processing provenance for details.,see metadata,The release excludes the collector's internal gt_valid field.,Missing numeric values are represented as empty CSV cells/NaN; consult QC flags and manifests.
raw,online retargeting,retargeting_angles_*_raw.csv,timestamp,Timestamp supplied by the acquisition or retargeting stream; see file-specific provenance.,seconds,Time base is stated by the field name; do not assume interchangeability across modalities. Raw timestamps can contain small out-of-order rows; apply a stable row sort for analysis.,Missing numeric values are represented as empty CSV cells/NaN; consult QC flags and manifests.
raw,online retargeting,retargeting_angles_*_raw.csv,frame_capture_t,Host timestamp at camera-frame capture.,seconds,Time base is stated by the field name; do not assume interchangeability across modalities. Raw timestamps can contain small out-of-order rows; apply a stable row sort for analysis.,Missing numeric values are represented as empty CSV cells/NaN; consult QC flags and manifests.
raw,online retargeting,retargeting_angles_*_raw.csv,timestamp_fused_s,Fused host-time timestamp for a matched stereo tracking record.,seconds,Time base is stated by the field name; do not assume interchangeability across modalities. Raw timestamps can contain small out-of-order rows; apply a stable row sort for analysis.,Missing numeric values are represented as empty CSV cells/NaN; consult QC flags and manifests.
raw,online retargeting,retargeting_angles_*_raw.csv,index_q1,Psyonic Ability Hand target joint angle derived from teacher-hand tracking.,degrees,"Robotic-hand angle, not an anatomical human-joint angle. Raw timestamps can contain small out-of-order rows; apply a stable row sort for analysis.",Missing numeric values are represented as empty CSV cells/NaN; consult QC flags and manifests.
raw,online retargeting,retargeting_angles_*_raw.csv,middle_q1,Psyonic Ability Hand target joint angle derived from teacher-hand tracking.,degrees,"Robotic-hand angle, not an anatomical human-joint angle. Raw timestamps can contain small out-of-order rows; apply a stable row sort for analysis.",Missing numeric values are represented as empty CSV cells/NaN; consult QC flags and manifests.
raw,online retargeting,retargeting_angles_*_raw.csv,ring_q1,Psyonic Ability Hand target joint angle derived from teacher-hand tracking.,degrees,"Robotic-hand angle, not an anatomical human-joint angle. Raw timestamps can contain small out-of-order rows; apply a stable row sort for analysis.",Missing numeric values are represented as empty CSV cells/NaN; consult QC flags and manifests.
raw,online retargeting,retargeting_angles_*_raw.csv,pinky_q1,Field retained from the source or derived file schema; see processing provenance for details.,see metadata,Raw timestamps can contain small out-of-order rows; apply a stable row sort for analysis.,Missing numeric values are represented as empty CSV cells/NaN; consult QC flags and manifests.
raw,online retargeting,retargeting_angles_*_raw.csv,thumb_q2,Psyonic Ability Hand target joint angle derived from teacher-hand tracking.,degrees,"Robotic-hand angle, not an anatomical human-joint angle. Raw timestamps can contain small out-of-order rows; apply a stable row sort for analysis.",Missing numeric values are represented as empty CSV cells/NaN; consult QC flags and manifests.
raw,online retargeting,retargeting_angles_*_raw.csv,thumb_q1,Psyonic Ability Hand target joint angle derived from teacher-hand tracking.,degrees,"Robotic-hand angle, not an anatomical human-joint angle. Raw timestamps can contain small out-of-order rows; apply a stable row sort for analysis.",Missing numeric values are represented as empty CSV cells/NaN; consult QC flags and manifests.
raw,offline retargeting,offline_retargeted_angles_*.csv,timestamp,Timestamp supplied by the acquisition or retargeting stream; see file-specific provenance.,seconds,Time base is stated by the field name; do not assume interchangeability across modalities.,Missing numeric values are represented as empty CSV cells/NaN; consult QC flags and manifests.
raw,offline retargeting,offline_retargeted_angles_*.csv,frame_capture_t,Host timestamp at camera-frame capture.,seconds,Time base is stated by the field name; do not assume interchangeability across modalities.,Missing numeric values are represented as empty CSV cells/NaN; consult QC flags and manifests.
raw,offline retargeting,offline_retargeted_angles_*.csv,command_sent_t,Field retained from the source or derived file schema; see processing provenance for details.,see metadata,,Missing numeric values are represented as empty CSV cells/NaN; consult QC flags and manifests.
raw,offline retargeting,offline_retargeted_angles_*.csv,timestamp_fused_s,Fused host-time timestamp for a matched stereo tracking record.,seconds,Time base is stated by the field name; do not assume interchangeability across modalities.,Missing numeric values are represented as empty CSV cells/NaN; consult QC flags and manifests.
raw,offline retargeting,offline_retargeted_angles_*.csv,index_q1,Psyonic Ability Hand target joint angle derived from teacher-hand tracking.,degrees,"Robotic-hand angle, not an anatomical human-joint angle.",Missing numeric values are represented as empty CSV cells/NaN; consult QC flags and manifests.
raw,offline retargeting,offline_retargeted_angles_*.csv,middle_q1,Psyonic Ability Hand target joint angle derived from teacher-hand tracking.,degrees,"Robotic-hand angle, not an anatomical human-joint angle.",Missing numeric values are represented as empty CSV cells/NaN; consult QC flags and manifests.
raw,offline retargeting,offline_retargeted_angles_*.csv,ring_q1,Psyonic Ability Hand target joint angle derived from teacher-hand tracking.,degrees,"Robotic-hand angle, not an anatomical human-joint angle.",Missing numeric values are represented as empty CSV cells/NaN; consult QC flags and manifests.
raw,offline retargeting,offline_retargeted_angles_*.csv,pinky_q1,Field retained from the source or derived file schema; see processing provenance for details.,see metadata,,Missing numeric values are represented as empty CSV cells/NaN; consult QC flags and manifests.
raw,offline retargeting,offline_retargeted_angles_*.csv,thumb_q2,Psyonic Ability Hand target joint angle derived from teacher-hand tracking.,degrees,"Robotic-hand angle, not an anatomical human-joint angle.",Missing numeric values are represented as empty CSV cells/NaN; consult QC flags and manifests.
raw,offline retargeting,offline_retargeted_angles_*.csv,thumb_q1,Psyonic Ability Hand target joint angle derived from teacher-hand tracking.,degrees,"Robotic-hand angle, not an anatomical human-joint angle.",Missing numeric values are represented as empty CSV cells/NaN; consult QC flags and manifests.
raw,offline retargeting,offline_retargeted_angles_*.csv,retarget_source,Field retained from the source or derived file schema; see processing provenance for details.,see metadata,,Missing numeric values are represented as empty CSV cells/NaN; consult QC flags and manifests.
raw,offline retargeting,offline_retargeted_angles_*.csv,source_row,Field retained from the source or derived file schema; see processing provenance for details.,see metadata,,Missing numeric values are represented as empty CSV cells/NaN; consult QC flags and manifests.
raw,offline retargeting,offline_retargeted_angles_*.csv,online_row,Field retained from the source or derived file schema; see processing provenance for details.,see metadata,,Missing numeric values are represented as empty CSV cells/NaN; consult QC flags and manifests.
raw,offline retargeting,offline_retargeted_angles_*.csv,online_dt_s,Field retained from the source or derived file schema; see processing provenance for details.,see metadata,,Missing numeric values are represented as empty CSV cells/NaN; consult QC flags and manifests.
raw,camera timestamp sidecar,raw_cam[12]_timestamps_*.csv,video_frame_index,Field retained from the source or derived file schema; see processing provenance for details.,see metadata,MP4 camera recordings are excluded from the release.,Missing numeric values are represented as empty CSV cells/NaN; consult QC flags and manifests.
raw,camera timestamp sidecar,raw_cam[12]_timestamps_*.csv,realsense_timestamp_ms,Field retained from the source or derived file schema; see processing provenance for details.,see metadata,MP4 camera recordings are excluded from the release.,Missing numeric values are represented as empty CSV cells/NaN; consult QC flags and manifests.
raw,camera timestamp sidecar,raw_cam[12]_timestamps_*.csv,host_time_s,Host-computer timestamp in Unix seconds.,seconds,Time base is stated by the field name; do not assume interchangeability across modalities. MP4 camera recordings are excluded from the release.,Missing numeric values are represented as empty CSV cells/NaN; consult QC flags and manifests.
processed trimmed,sEMG,emg_*_preprocessed.csv,unix_ts,Unix epoch timestamp assigned to the sample.,seconds,Time base is stated by the field name; do not assume interchangeability across modalities.,Missing numeric values are represented as empty CSV cells/NaN; consult QC flags and manifests.
processed trimmed,sEMG,emg_*_preprocessed.csv,EMG 1,Surface-EMG sample from the numbered forearm sensor.,native stream units; see release metadata,P025 has EMG 1--7 only.,Missing numeric values are represented as empty CSV cells/NaN; consult QC flags and manifests.
processed trimmed,sEMG,emg_*_preprocessed.csv,EMG 2,Surface-EMG sample from the numbered forearm sensor.,native stream units; see release metadata,P025 has EMG 1--7 only.,Missing numeric values are represented as empty CSV cells/NaN; consult QC flags and manifests.
processed trimmed,sEMG,emg_*_preprocessed.csv,EMG 3,Surface-EMG sample from the numbered forearm sensor.,native stream units; see release metadata,P025 has EMG 1--7 only.,Missing numeric values are represented as empty CSV cells/NaN; consult QC flags and manifests.
processed trimmed,sEMG,emg_*_preprocessed.csv,EMG 4,Surface-EMG sample from the numbered forearm sensor.,native stream units; see release metadata,P025 has EMG 1--7 only.,Missing numeric values are represented as empty CSV cells/NaN; consult QC flags and manifests.
processed trimmed,sEMG,emg_*_preprocessed.csv,EMG 5,Surface-EMG sample from the numbered forearm sensor.,native stream units; see release metadata,P025 has EMG 1--7 only.,Missing numeric values are represented as empty CSV cells/NaN; consult QC flags and manifests.
processed trimmed,sEMG,emg_*_preprocessed.csv,EMG 6,Surface-EMG sample from the numbered forearm sensor.,native stream units; see release metadata,P025 has EMG 1--7 only.,Missing numeric values are represented as empty CSV cells/NaN; consult QC flags and manifests.
processed trimmed,sEMG,emg_*_preprocessed.csv,EMG 7,Surface-EMG sample from the numbered forearm sensor.,native stream units; see release metadata,P025 has EMG 1--7 only.,Missing numeric values are represented as empty CSV cells/NaN; consult QC flags and manifests.
processed trimmed,sEMG,emg_*_preprocessed.csv,EMG 8,Surface-EMG sample from the numbered forearm sensor.,native stream units; see release metadata,P025 has EMG 1--7 only.,Missing numeric values are represented as empty CSV cells/NaN; consult QC flags and manifests.
processed trimmed,IMU,imu_*_IMU_preprocessed.csv,unix_ts,Unix epoch timestamp assigned to the sample.,seconds,Time base is stated by the field name; do not assume interchangeability across modalities.,Missing numeric values are represented as empty CSV cells/NaN; consult QC flags and manifests.
processed trimmed,IMU,imu_*_IMU_preprocessed.csv,IMU 1_ax,Accelerometer component ax from IMU 1.,native stream units; see release metadata,Nine IMU fields per enabled sensor; P025 has sensors 1--7 only.,Missing numeric values are represented as empty CSV cells/NaN; consult QC flags and manifests.
processed trimmed,IMU,imu_*_IMU_preprocessed.csv,IMU 1_ay,Accelerometer component ay from IMU 1.,native stream units; see release metadata,Nine IMU fields per enabled sensor; P025 has sensors 1--7 only.,Missing numeric values are represented as empty CSV cells/NaN; consult QC flags and manifests.
processed trimmed,IMU,imu_*_IMU_preprocessed.csv,IMU 1_az,Accelerometer component az from IMU 1.,native stream units; see release metadata,Nine IMU fields per enabled sensor; P025 has sensors 1--7 only.,Missing numeric values are represented as empty CSV cells/NaN; consult QC flags and manifests.
processed trimmed,IMU,imu_*_IMU_preprocessed.csv,IMU 1_gx,Gyroscope component gx from IMU 1.,native stream units; see release metadata,Nine IMU fields per enabled sensor; P025 has sensors 1--7 only.,Missing numeric values are represented as empty CSV cells/NaN; consult QC flags and manifests.
processed trimmed,IMU,imu_*_IMU_preprocessed.csv,IMU 1_gy,Gyroscope component gy from IMU 1.,native stream units; see release metadata,Nine IMU fields per enabled sensor; P025 has sensors 1--7 only.,Missing numeric values are represented as empty CSV cells/NaN; consult QC flags and manifests.
processed trimmed,IMU,imu_*_IMU_preprocessed.csv,IMU 1_gz,Gyroscope component gz from IMU 1.,native stream units; see release metadata,Nine IMU fields per enabled sensor; P025 has sensors 1--7 only.,Missing numeric values are represented as empty CSV cells/NaN; consult QC flags and manifests.
processed trimmed,IMU,imu_*_IMU_preprocessed.csv,IMU 1_mx,Magnetometer component mx from IMU 1.,native stream units; see release metadata,Nine IMU fields per enabled sensor; P025 has sensors 1--7 only.,Missing numeric values are represented as empty CSV cells/NaN; consult QC flags and manifests.
processed trimmed,IMU,imu_*_IMU_preprocessed.csv,IMU 1_my,Magnetometer component my from IMU 1.,native stream units; see release metadata,Nine IMU fields per enabled sensor; P025 has sensors 1--7 only.,Missing numeric values are represented as empty CSV cells/NaN; consult QC flags and manifests.
processed trimmed,IMU,imu_*_IMU_preprocessed.csv,IMU 1_mz,Magnetometer component mz from IMU 1.,native stream units; see release metadata,Nine IMU fields per enabled sensor; P025 has sensors 1--7 only.,Missing numeric values are represented as empty CSV cells/NaN; consult QC flags and manifests.
processed trimmed,IMU,imu_*_IMU_preprocessed.csv,IMU 2_ax,Accelerometer component ax from IMU 2.,native stream units; see release metadata,Nine IMU fields per enabled sensor; P025 has sensors 1--7 only.,Missing numeric values are represented as empty CSV cells/NaN; consult QC flags and manifests.
processed trimmed,IMU,imu_*_IMU_preprocessed.csv,IMU 2_ay,Accelerometer component ay from IMU 2.,native stream units; see release metadata,Nine IMU fields per enabled sensor; P025 has sensors 1--7 only.,Missing numeric values are represented as empty CSV cells/NaN; consult QC flags and manifests.
processed trimmed,IMU,imu_*_IMU_preprocessed.csv,IMU 2_az,Accelerometer component az from IMU 2.,native stream units; see release metadata,Nine IMU fields per enabled sensor; P025 has sensors 1--7 only.,Missing numeric values are represented as empty CSV cells/NaN; consult QC flags and manifests.
processed trimmed,IMU,imu_*_IMU_preprocessed.csv,IMU 2_gx,Gyroscope component gx from IMU 2.,native stream units; see release metadata,Nine IMU fields per enabled sensor; P025 has sensors 1--7 only.,Missing numeric values are represented as empty CSV cells/NaN; consult QC flags and manifests.
processed trimmed,IMU,imu_*_IMU_preprocessed.csv,IMU 2_gy,Gyroscope component gy from IMU 2.,native stream units; see release metadata,Nine IMU fields per enabled sensor; P025 has sensors 1--7 only.,Missing numeric values are represented as empty CSV cells/NaN; consult QC flags and manifests.
processed trimmed,IMU,imu_*_IMU_preprocessed.csv,IMU 2_gz,Gyroscope component gz from IMU 2.,native stream units; see release metadata,Nine IMU fields per enabled sensor; P025 has sensors 1--7 only.,Missing numeric values are represented as empty CSV cells/NaN; consult QC flags and manifests.
processed trimmed,IMU,imu_*_IMU_preprocessed.csv,IMU 2_mx,Magnetometer component mx from IMU 2.,native stream units; see release metadata,Nine IMU fields per enabled sensor; P025 has sensors 1--7 only.,Missing numeric values are represented as empty CSV cells/NaN; consult QC flags and manifests.
processed trimmed,IMU,imu_*_IMU_preprocessed.csv,IMU 2_my,Magnetometer component my from IMU 2.,native stream units; see release metadata,Nine IMU fields per enabled sensor; P025 has sensors 1--7 only.,Missing numeric values are represented as empty CSV cells/NaN; consult QC flags and manifests.
processed trimmed,IMU,imu_*_IMU_preprocessed.csv,IMU 2_mz,Magnetometer component mz from IMU 2.,native stream units; see release metadata,Nine IMU fields per enabled sensor; P025 has sensors 1--7 only.,Missing numeric values are represented as empty CSV cells/NaN; consult QC flags and manifests.
processed trimmed,IMU,imu_*_IMU_preprocessed.csv,IMU 3_ax,Accelerometer component ax from IMU 3.,native stream units; see release metadata,Nine IMU fields per enabled sensor; P025 has sensors 1--7 only.,Missing numeric values are represented as empty CSV cells/NaN; consult QC flags and manifests.
processed trimmed,IMU,imu_*_IMU_preprocessed.csv,IMU 3_ay,Accelerometer component ay from IMU 3.,native stream units; see release metadata,Nine IMU fields per enabled sensor; P025 has sensors 1--7 only.,Missing numeric values are represented as empty CSV cells/NaN; consult QC flags and manifests.
processed trimmed,IMU,imu_*_IMU_preprocessed.csv,IMU 3_az,Accelerometer component az from IMU 3.,native stream units; see release metadata,Nine IMU fields per enabled sensor; P025 has sensors 1--7 only.,Missing numeric values are represented as empty CSV cells/NaN; consult QC flags and manifests.
processed trimmed,IMU,imu_*_IMU_preprocessed.csv,IMU 3_gx,Gyroscope component gx from IMU 3.,native stream units; see release metadata,Nine IMU fields per enabled sensor; P025 has sensors 1--7 only.,Missing numeric values are represented as empty CSV cells/NaN; consult QC flags and manifests.
processed trimmed,IMU,imu_*_IMU_preprocessed.csv,IMU 3_gy,Gyroscope component gy from IMU 3.,native stream units; see release metadata,Nine IMU fields per enabled sensor; P025 has sensors 1--7 only.,Missing numeric values are represented as empty CSV cells/NaN; consult QC flags and manifests.
processed trimmed,IMU,imu_*_IMU_preprocessed.csv,IMU 3_gz,Gyroscope component gz from IMU 3.,native stream units; see release metadata,Nine IMU fields per enabled sensor; P025 has sensors 1--7 only.,Missing numeric values are represented as empty CSV cells/NaN; consult QC flags and manifests.
processed trimmed,IMU,imu_*_IMU_preprocessed.csv,IMU 3_mx,Magnetometer component mx from IMU 3.,native stream units; see release metadata,Nine IMU fields per enabled sensor; P025 has sensors 1--7 only.,Missing numeric values are represented as empty CSV cells/NaN; consult QC flags and manifests.
processed trimmed,IMU,imu_*_IMU_preprocessed.csv,IMU 3_my,Magnetometer component my from IMU 3.,native stream units; see release metadata,Nine IMU fields per enabled sensor; P025 has sensors 1--7 only.,Missing numeric values are represented as empty CSV cells/NaN; consult QC flags and manifests.
processed trimmed,IMU,imu_*_IMU_preprocessed.csv,IMU 3_mz,Magnetometer component mz from IMU 3.,native stream units; see release metadata,Nine IMU fields per enabled sensor; P025 has sensors 1--7 only.,Missing numeric values are represented as empty CSV cells/NaN; consult QC flags and manifests.
processed trimmed,IMU,imu_*_IMU_preprocessed.csv,IMU 4_ax,Accelerometer component ax from IMU 4.,native stream units; see release metadata,Nine IMU fields per enabled sensor; P025 has sensors 1--7 only.,Missing numeric values are represented as empty CSV cells/NaN; consult QC flags and manifests.
processed trimmed,IMU,imu_*_IMU_preprocessed.csv,IMU 4_ay,Accelerometer component ay from IMU 4.,native stream units; see release metadata,Nine IMU fields per enabled sensor; P025 has sensors 1--7 only.,Missing numeric values are represented as empty CSV cells/NaN; consult QC flags and manifests.
processed trimmed,IMU,imu_*_IMU_preprocessed.csv,IMU 4_az,Accelerometer component az from IMU 4.,native stream units; see release metadata,Nine IMU fields per enabled sensor; P025 has sensors 1--7 only.,Missing numeric values are represented as empty CSV cells/NaN; consult QC flags and manifests.
processed trimmed,IMU,imu_*_IMU_preprocessed.csv,IMU 4_gx,Gyroscope component gx from IMU 4.,native stream units; see release metadata,Nine IMU fields per enabled sensor; P025 has sensors 1--7 only.,Missing numeric values are represented as empty CSV cells/NaN; consult QC flags and manifests.
processed trimmed,IMU,imu_*_IMU_preprocessed.csv,IMU 4_gy,Gyroscope component gy from IMU 4.,native stream units; see release metadata,Nine IMU fields per enabled sensor; P025 has sensors 1--7 only.,Missing numeric values are represented as empty CSV cells/NaN; consult QC flags and manifests.
processed trimmed,IMU,imu_*_IMU_preprocessed.csv,IMU 4_gz,Gyroscope component gz from IMU 4.,native stream units; see release metadata,Nine IMU fields per enabled sensor; P025 has sensors 1--7 only.,Missing numeric values are represented as empty CSV cells/NaN; consult QC flags and manifests.
processed trimmed,IMU,imu_*_IMU_preprocessed.csv,IMU 4_mx,Magnetometer component mx from IMU 4.,native stream units; see release metadata,Nine IMU fields per enabled sensor; P025 has sensors 1--7 only.,Missing numeric values are represented as empty CSV cells/NaN; consult QC flags and manifests.
processed trimmed,IMU,imu_*_IMU_preprocessed.csv,IMU 4_my,Magnetometer component my from IMU 4.,native stream units; see release metadata,Nine IMU fields per enabled sensor; P025 has sensors 1--7 only.,Missing numeric values are represented as empty CSV cells/NaN; consult QC flags and manifests.
processed trimmed,IMU,imu_*_IMU_preprocessed.csv,IMU 4_mz,Magnetometer component mz from IMU 4.,native stream units; see release metadata,Nine IMU fields per enabled sensor; P025 has sensors 1--7 only.,Missing numeric values are represented as empty CSV cells/NaN; consult QC flags and manifests.
processed trimmed,IMU,imu_*_IMU_preprocessed.csv,IMU 5_ax,Accelerometer component ax from IMU 5.,native stream units; see release metadata,Nine IMU fields per enabled sensor; P025 has sensors 1--7 only.,Missing numeric values are represented as empty CSV cells/NaN; consult QC flags and manifests.
processed trimmed,IMU,imu_*_IMU_preprocessed.csv,IMU 5_ay,Accelerometer component ay from IMU 5.,native stream units; see release metadata,Nine IMU fields per enabled sensor; P025 has sensors 1--7 only.,Missing numeric values are represented as empty CSV cells/NaN; consult QC flags and manifests.
processed trimmed,IMU,imu_*_IMU_preprocessed.csv,IMU 5_az,Accelerometer component az from IMU 5.,native stream units; see release metadata,Nine IMU fields per enabled sensor; P025 has sensors 1--7 only.,Missing numeric values are represented as empty CSV cells/NaN; consult QC flags and manifests.
processed trimmed,IMU,imu_*_IMU_preprocessed.csv,IMU 5_gx,Gyroscope component gx from IMU 5.,native stream units; see release metadata,Nine IMU fields per enabled sensor; P025 has sensors 1--7 only.,Missing numeric values are represented as empty CSV cells/NaN; consult QC flags and manifests.
processed trimmed,IMU,imu_*_IMU_preprocessed.csv,IMU 5_gy,Gyroscope component gy from IMU 5.,native stream units; see release metadata,Nine IMU fields per enabled sensor; P025 has sensors 1--7 only.,Missing numeric values are represented as empty CSV cells/NaN; consult QC flags and manifests.
processed trimmed,IMU,imu_*_IMU_preprocessed.csv,IMU 5_gz,Gyroscope component gz from IMU 5.,native stream units; see release metadata,Nine IMU fields per enabled sensor; P025 has sensors 1--7 only.,Missing numeric values are represented as empty CSV cells/NaN; consult QC flags and manifests.
processed trimmed,IMU,imu_*_IMU_preprocessed.csv,IMU 5_mx,Magnetometer component mx from IMU 5.,native stream units; see release metadata,Nine IMU fields per enabled sensor; P025 has sensors 1--7 only.,Missing numeric values are represented as empty CSV cells/NaN; consult QC flags and manifests.
processed trimmed,IMU,imu_*_IMU_preprocessed.csv,IMU 5_my,Magnetometer component my from IMU 5.,native stream units; see release metadata,Nine IMU fields per enabled sensor; P025 has sensors 1--7 only.,Missing numeric values are represented as empty CSV cells/NaN; consult QC flags and manifests.
processed trimmed,IMU,imu_*_IMU_preprocessed.csv,IMU 5_mz,Magnetometer component mz from IMU 5.,native stream units; see release metadata,Nine IMU fields per enabled sensor; P025 has sensors 1--7 only.,Missing numeric values are represented as empty CSV cells/NaN; consult QC flags and manifests.
processed trimmed,IMU,imu_*_IMU_preprocessed.csv,IMU 6_ax,Accelerometer component ax from IMU 6.,native stream units; see release metadata,Nine IMU fields per enabled sensor; P025 has sensors 1--7 only.,Missing numeric values are represented as empty CSV cells/NaN; consult QC flags and manifests.
processed trimmed,IMU,imu_*_IMU_preprocessed.csv,IMU 6_ay,Accelerometer component ay from IMU 6.,native stream units; see release metadata,Nine IMU fields per enabled sensor; P025 has sensors 1--7 only.,Missing numeric values are represented as empty CSV cells/NaN; consult QC flags and manifests.
processed trimmed,IMU,imu_*_IMU_preprocessed.csv,IMU 6_az,Accelerometer component az from IMU 6.,native stream units; see release metadata,Nine IMU fields per enabled sensor; P025 has sensors 1--7 only.,Missing numeric values are represented as empty CSV cells/NaN; consult QC flags and manifests.
processed trimmed,IMU,imu_*_IMU_preprocessed.csv,IMU 6_gx,Gyroscope component gx from IMU 6.,native stream units; see release metadata,Nine IMU fields per enabled sensor; P025 has sensors 1--7 only.,Missing numeric values are represented as empty CSV cells/NaN; consult QC flags and manifests.
processed trimmed,IMU,imu_*_IMU_preprocessed.csv,IMU 6_gy,Gyroscope component gy from IMU 6.,native stream units; see release metadata,Nine IMU fields per enabled sensor; P025 has sensors 1--7 only.,Missing numeric values are represented as empty CSV cells/NaN; consult QC flags and manifests.
processed trimmed,IMU,imu_*_IMU_preprocessed.csv,IMU 6_gz,Gyroscope component gz from IMU 6.,native stream units; see release metadata,Nine IMU fields per enabled sensor; P025 has sensors 1--7 only.,Missing numeric values are represented as empty CSV cells/NaN; consult QC flags and manifests.
processed trimmed,IMU,imu_*_IMU_preprocessed.csv,IMU 6_mx,Magnetometer component mx from IMU 6.,native stream units; see release metadata,Nine IMU fields per enabled sensor; P025 has sensors 1--7 only.,Missing numeric values are represented as empty CSV cells/NaN; consult QC flags and manifests.
processed trimmed,IMU,imu_*_IMU_preprocessed.csv,IMU 6_my,Magnetometer component my from IMU 6.,native stream units; see release metadata,Nine IMU fields per enabled sensor; P025 has sensors 1--7 only.,Missing numeric values are represented as empty CSV cells/NaN; consult QC flags and manifests.
processed trimmed,IMU,imu_*_IMU_preprocessed.csv,IMU 6_mz,Magnetometer component mz from IMU 6.,native stream units; see release metadata,Nine IMU fields per enabled sensor; P025 has sensors 1--7 only.,Missing numeric values are represented as empty CSV cells/NaN; consult QC flags and manifests.
processed trimmed,IMU,imu_*_IMU_preprocessed.csv,IMU 7_ax,Accelerometer component ax from IMU 7.,native stream units; see release metadata,Nine IMU fields per enabled sensor; P025 has sensors 1--7 only.,Missing numeric values are represented as empty CSV cells/NaN; consult QC flags and manifests.
processed trimmed,IMU,imu_*_IMU_preprocessed.csv,IMU 7_ay,Accelerometer component ay from IMU 7.,native stream units; see release metadata,Nine IMU fields per enabled sensor; P025 has sensors 1--7 only.,Missing numeric values are represented as empty CSV cells/NaN; consult QC flags and manifests.
processed trimmed,IMU,imu_*_IMU_preprocessed.csv,IMU 7_az,Accelerometer component az from IMU 7.,native stream units; see release metadata,Nine IMU fields per enabled sensor; P025 has sensors 1--7 only.,Missing numeric values are represented as empty CSV cells/NaN; consult QC flags and manifests.
processed trimmed,IMU,imu_*_IMU_preprocessed.csv,IMU 7_gx,Gyroscope component gx from IMU 7.,native stream units; see release metadata,Nine IMU fields per enabled sensor; P025 has sensors 1--7 only.,Missing numeric values are represented as empty CSV cells/NaN; consult QC flags and manifests.
processed trimmed,IMU,imu_*_IMU_preprocessed.csv,IMU 7_gy,Gyroscope component gy from IMU 7.,native stream units; see release metadata,Nine IMU fields per enabled sensor; P025 has sensors 1--7 only.,Missing numeric values are represented as empty CSV cells/NaN; consult QC flags and manifests.
processed trimmed,IMU,imu_*_IMU_preprocessed.csv,IMU 7_gz,Gyroscope component gz from IMU 7.,native stream units; see release metadata,Nine IMU fields per enabled sensor; P025 has sensors 1--7 only.,Missing numeric values are represented as empty CSV cells/NaN; consult QC flags and manifests.
processed trimmed,IMU,imu_*_IMU_preprocessed.csv,IMU 7_mx,Magnetometer component mx from IMU 7.,native stream units; see release metadata,Nine IMU fields per enabled sensor; P025 has sensors 1--7 only.,Missing numeric values are represented as empty CSV cells/NaN; consult QC flags and manifests.
processed trimmed,IMU,imu_*_IMU_preprocessed.csv,IMU 7_my,Magnetometer component my from IMU 7.,native stream units; see release metadata,Nine IMU fields per enabled sensor; P025 has sensors 1--7 only.,Missing numeric values are represented as empty CSV cells/NaN; consult QC flags and manifests.
processed trimmed,IMU,imu_*_IMU_preprocessed.csv,IMU 7_mz,Magnetometer component mz from IMU 7.,native stream units; see release metadata,Nine IMU fields per enabled sensor; P025 has sensors 1--7 only.,Missing numeric values are represented as empty CSV cells/NaN; consult QC flags and manifests.
processed trimmed,IMU,imu_*_IMU_preprocessed.csv,IMU 8_ax,Accelerometer component ax from IMU 8.,native stream units; see release metadata,Nine IMU fields per enabled sensor; P025 has sensors 1--7 only.,Missing numeric values are represented as empty CSV cells/NaN; consult QC flags and manifests.
processed trimmed,IMU,imu_*_IMU_preprocessed.csv,IMU 8_ay,Accelerometer component ay from IMU 8.,native stream units; see release metadata,Nine IMU fields per enabled sensor; P025 has sensors 1--7 only.,Missing numeric values are represented as empty CSV cells/NaN; consult QC flags and manifests.
processed trimmed,IMU,imu_*_IMU_preprocessed.csv,IMU 8_az,Accelerometer component az from IMU 8.,native stream units; see release metadata,Nine IMU fields per enabled sensor; P025 has sensors 1--7 only.,Missing numeric values are represented as empty CSV cells/NaN; consult QC flags and manifests.
processed trimmed,IMU,imu_*_IMU_preprocessed.csv,IMU 8_gx,Gyroscope component gx from IMU 8.,native stream units; see release metadata,Nine IMU fields per enabled sensor; P025 has sensors 1--7 only.,Missing numeric values are represented as empty CSV cells/NaN; consult QC flags and manifests.
processed trimmed,IMU,imu_*_IMU_preprocessed.csv,IMU 8_gy,Gyroscope component gy from IMU 8.,native stream units; see release metadata,Nine IMU fields per enabled sensor; P025 has sensors 1--7 only.,Missing numeric values are represented as empty CSV cells/NaN; consult QC flags and manifests.
processed trimmed,IMU,imu_*_IMU_preprocessed.csv,IMU 8_gz,Gyroscope component gz from IMU 8.,native stream units; see release metadata,Nine IMU fields per enabled sensor; P025 has sensors 1--7 only.,Missing numeric values are represented as empty CSV cells/NaN; consult QC flags and manifests.
processed trimmed,IMU,imu_*_IMU_preprocessed.csv,IMU 8_mx,Magnetometer component mx from IMU 8.,native stream units; see release metadata,Nine IMU fields per enabled sensor; P025 has sensors 1--7 only.,Missing numeric values are represented as empty CSV cells/NaN; consult QC flags and manifests.
processed trimmed,IMU,imu_*_IMU_preprocessed.csv,IMU 8_my,Magnetometer component my from IMU 8.,native stream units; see release metadata,Nine IMU fields per enabled sensor; P025 has sensors 1--7 only.,Missing numeric values are represented as empty CSV cells/NaN; consult QC flags and manifests.
processed trimmed,IMU,imu_*_IMU_preprocessed.csv,IMU 8_mz,Magnetometer component mz from IMU 8.,native stream units; see release metadata,Nine IMU fields per enabled sensor; P025 has sensors 1--7 only.,Missing numeric values are represented as empty CSV cells/NaN; consult QC flags and manifests.
processed trimmed,IMU,imu_*_IMU_preprocessed.csv,t,Field retained from the source or derived file schema; see processing provenance for details.,see metadata,,Missing numeric values are represented as empty CSV cells/NaN; consult QC flags and manifests.
processed trimmed,fingertip force,FSR_*_FORCES_preprocessed.csv,device_t_s,Device timestamp in seconds.,seconds,Time base is stated by the field name; do not assume interchangeability across modalities.,Missing numeric values are represented as empty CSV cells/NaN; consult QC flags and manifests.
processed trimmed,fingertip force,FSR_*_FORCES_preprocessed.csv,host_t_s,Host-computer timestamp in Unix seconds.,seconds,Time base is stated by the field name; do not assume interchangeability across modalities.,Missing numeric values are represented as empty CSV cells/NaN; consult QC flags and manifests.
processed trimmed,fingertip force,FSR_*_FORCES_preprocessed.csv,middle_adc,Raw analog-to-digital converter reading for the named fingertip force sensor.,ADC counts,Use calibrated force fields for force analyses.,Missing numeric values are represented as empty CSV cells/NaN; consult QC flags and manifests.
processed trimmed,fingertip force,FSR_*_FORCES_preprocessed.csv,middle_N,Calibrated fingertip force for the named sensor.,newtons,Raw files contain acquisition calibration; processed files additionally apply baseline correction and filtering.,Missing numeric values are represented as empty CSV cells/NaN; consult QC flags and manifests.
processed trimmed,fingertip force,FSR_*_FORCES_preprocessed.csv,index_adc,Raw analog-to-digital converter reading for the named fingertip force sensor.,ADC counts,Use calibrated force fields for force analyses.,Missing numeric values are represented as empty CSV cells/NaN; consult QC flags and manifests.
processed trimmed,fingertip force,FSR_*_FORCES_preprocessed.csv,index_N,Calibrated fingertip force for the named sensor.,newtons,Raw files contain acquisition calibration; processed files additionally apply baseline correction and filtering.,Missing numeric values are represented as empty CSV cells/NaN; consult QC flags and manifests.
processed trimmed,fingertip force,FSR_*_FORCES_preprocessed.csv,thumb_adc,Raw analog-to-digital converter reading for the named fingertip force sensor.,ADC counts,Use calibrated force fields for force analyses.,Missing numeric values are represented as empty CSV cells/NaN; consult QC flags and manifests.
processed trimmed,fingertip force,FSR_*_FORCES_preprocessed.csv,thumb_N,Calibrated fingertip force for the named sensor.,newtons,Raw files contain acquisition calibration; processed files additionally apply baseline correction and filtering.,Missing numeric values are represented as empty CSV cells/NaN; consult QC flags and manifests.
processed trimmed,fingertip force,FSR_*_FORCES_preprocessed.csv,t,Field retained from the source or derived file schema; see processing provenance for details.,see metadata,,Missing numeric values are represented as empty CSV cells/NaN; consult QC flags and manifests.
processed trimmed,online retargeting,retargeting_angles_*_raw_ANGLES_preprocessed.csv,timestamp,Timestamp supplied by the acquisition or retargeting stream; see file-specific provenance.,seconds,Time base is stated by the field name; do not assume interchangeability across modalities.,Missing numeric values are represented as empty CSV cells/NaN; consult QC flags and manifests.
processed trimmed,online retargeting,retargeting_angles_*_raw_ANGLES_preprocessed.csv,frame_capture_t,Host timestamp at camera-frame capture.,seconds,Time base is stated by the field name; do not assume interchangeability across modalities.,Missing numeric values are represented as empty CSV cells/NaN; consult QC flags and manifests.
processed trimmed,online retargeting,retargeting_angles_*_raw_ANGLES_preprocessed.csv,timestamp_fused_s,Fused host-time timestamp for a matched stereo tracking record.,seconds,Time base is stated by the field name; do not assume interchangeability across modalities.,Missing numeric values are represented as empty CSV cells/NaN; consult QC flags and manifests.
processed trimmed,online retargeting,retargeting_angles_*_raw_ANGLES_preprocessed.csv,index_q1,Psyonic Ability Hand target joint angle derived from teacher-hand tracking.,degrees,"Robotic-hand angle, not an anatomical human-joint angle.",Missing numeric values are represented as empty CSV cells/NaN; consult QC flags and manifests.
processed trimmed,online retargeting,retargeting_angles_*_raw_ANGLES_preprocessed.csv,middle_q1,Psyonic Ability Hand target joint angle derived from teacher-hand tracking.,degrees,"Robotic-hand angle, not an anatomical human-joint angle.",Missing numeric values are represented as empty CSV cells/NaN; consult QC flags and manifests.
processed trimmed,online retargeting,retargeting_angles_*_raw_ANGLES_preprocessed.csv,ring_q1,Psyonic Ability Hand target joint angle derived from teacher-hand tracking.,degrees,"Robotic-hand angle, not an anatomical human-joint angle.",Missing numeric values are represented as empty CSV cells/NaN; consult QC flags and manifests.
processed trimmed,online retargeting,retargeting_angles_*_raw_ANGLES_preprocessed.csv,pinky_q1,Field retained from the source or derived file schema; see processing provenance for details.,see metadata,,Missing numeric values are represented as empty CSV cells/NaN; consult QC flags and manifests.
processed trimmed,online retargeting,retargeting_angles_*_raw_ANGLES_preprocessed.csv,thumb_q2,Psyonic Ability Hand target joint angle derived from teacher-hand tracking.,degrees,"Robotic-hand angle, not an anatomical human-joint angle.",Missing numeric values are represented as empty CSV cells/NaN; consult QC flags and manifests.
processed trimmed,online retargeting,retargeting_angles_*_raw_ANGLES_preprocessed.csv,thumb_q1,Psyonic Ability Hand target joint angle derived from teacher-hand tracking.,degrees,"Robotic-hand angle, not an anatomical human-joint angle.",Missing numeric values are represented as empty CSV cells/NaN; consult QC flags and manifests.
processed trimmed,online retargeting,retargeting_angles_*_raw_ANGLES_preprocessed.csv,t,Field retained from the source or derived file schema; see processing provenance for details.,see metadata,,Missing numeric values are represented as empty CSV cells/NaN; consult QC flags and manifests.
processed trimmed,offline retargeting,offline_retargeted_angles_*_ANGLES_preprocessed.csv,timestamp,Timestamp supplied by the acquisition or retargeting stream; see file-specific provenance.,seconds,Time base is stated by the field name; do not assume interchangeability across modalities.,Missing numeric values are represented as empty CSV cells/NaN; consult QC flags and manifests.
processed trimmed,offline retargeting,offline_retargeted_angles_*_ANGLES_preprocessed.csv,frame_capture_t,Host timestamp at camera-frame capture.,seconds,Time base is stated by the field name; do not assume interchangeability across modalities.,Missing numeric values are represented as empty CSV cells/NaN; consult QC flags and manifests.
processed trimmed,offline retargeting,offline_retargeted_angles_*_ANGLES_preprocessed.csv,command_sent_t,Field retained from the source or derived file schema; see processing provenance for details.,see metadata,,Missing numeric values are represented as empty CSV cells/NaN; consult QC flags and manifests.
processed trimmed,offline retargeting,offline_retargeted_angles_*_ANGLES_preprocessed.csv,timestamp_fused_s,Fused host-time timestamp for a matched stereo tracking record.,seconds,Time base is stated by the field name; do not assume interchangeability across modalities.,Missing numeric values are represented as empty CSV cells/NaN; consult QC flags and manifests.
processed trimmed,offline retargeting,offline_retargeted_angles_*_ANGLES_preprocessed.csv,index_q1,Psyonic Ability Hand target joint angle derived from teacher-hand tracking.,degrees,"Robotic-hand angle, not an anatomical human-joint angle.",Missing numeric values are represented as empty CSV cells/NaN; consult QC flags and manifests.
processed trimmed,offline retargeting,offline_retargeted_angles_*_ANGLES_preprocessed.csv,middle_q1,Psyonic Ability Hand target joint angle derived from teacher-hand tracking.,degrees,"Robotic-hand angle, not an anatomical human-joint angle.",Missing numeric values are represented as empty CSV cells/NaN; consult QC flags and manifests.
processed trimmed,offline retargeting,offline_retargeted_angles_*_ANGLES_preprocessed.csv,ring_q1,Psyonic Ability Hand target joint angle derived from teacher-hand tracking.,degrees,"Robotic-hand angle, not an anatomical human-joint angle.",Missing numeric values are represented as empty CSV cells/NaN; consult QC flags and manifests.
processed trimmed,offline retargeting,offline_retargeted_angles_*_ANGLES_preprocessed.csv,pinky_q1,Field retained from the source or derived file schema; see processing provenance for details.,see metadata,,Missing numeric values are represented as empty CSV cells/NaN; consult QC flags and manifests.
processed trimmed,offline retargeting,offline_retargeted_angles_*_ANGLES_preprocessed.csv,thumb_q2,Psyonic Ability Hand target joint angle derived from teacher-hand tracking.,degrees,"Robotic-hand angle, not an anatomical human-joint angle.",Missing numeric values are represented as empty CSV cells/NaN; consult QC flags and manifests.
processed trimmed,offline retargeting,offline_retargeted_angles_*_ANGLES_preprocessed.csv,thumb_q1,Psyonic Ability Hand target joint angle derived from teacher-hand tracking.,degrees,"Robotic-hand angle, not an anatomical human-joint angle.",Missing numeric values are represented as empty CSV cells/NaN; consult QC flags and manifests.
processed trimmed,offline retargeting,offline_retargeted_angles_*_ANGLES_preprocessed.csv,retarget_source,Field retained from the source or derived file schema; see processing provenance for details.,see metadata,,Missing numeric values are represented as empty CSV cells/NaN; consult QC flags and manifests.
processed trimmed,offline retargeting,offline_retargeted_angles_*_ANGLES_preprocessed.csv,source_row,Field retained from the source or derived file schema; see processing provenance for details.,see metadata,,Missing numeric values are represented as empty CSV cells/NaN; consult QC flags and manifests.
processed trimmed,offline retargeting,offline_retargeted_angles_*_ANGLES_preprocessed.csv,online_row,Field retained from the source or derived file schema; see processing provenance for details.,see metadata,,Missing numeric values are represented as empty CSV cells/NaN; consult QC flags and manifests.
processed trimmed,offline retargeting,offline_retargeted_angles_*_ANGLES_preprocessed.csv,online_dt_s,Field retained from the source or derived file schema; see processing provenance for details.,see metadata,,Missing numeric values are represented as empty CSV cells/NaN; consult QC flags and manifests.
processed trimmed,offline retargeting,offline_retargeted_angles_*_ANGLES_preprocessed.csv,t,Field retained from the source or derived file schema; see processing provenance for details.,see metadata,,Missing numeric values are represented as empty CSV cells/NaN; consult QC flags and manifests.
processed trimmed,synchronized table,synced_data.csv,timestamp,Timestamp supplied by the acquisition or retargeting stream; see file-specific provenance.,seconds,Time base is stated by the field name; do not assume interchangeability across modalities. EMG-master convenience grid; interpolated values do not add native temporal information.,Missing numeric values are represented as empty CSV cells/NaN; consult QC flags and manifests.
processed trimmed,synchronized table,synced_data.csv,EMG 1,Surface-EMG sample from the numbered forearm sensor.,native stream units; see release metadata,P025 has EMG 1--7 only. EMG-master convenience grid; interpolated values do not add native temporal information.,Missing numeric values are represented as empty CSV cells/NaN; consult QC flags and manifests.
processed trimmed,synchronized table,synced_data.csv,EMG 2,Surface-EMG sample from the numbered forearm sensor.,native stream units; see release metadata,P025 has EMG 1--7 only. EMG-master convenience grid; interpolated values do not add native temporal information.,Missing numeric values are represented as empty CSV cells/NaN; consult QC flags and manifests.
processed trimmed,synchronized table,synced_data.csv,EMG 3,Surface-EMG sample from the numbered forearm sensor.,native stream units; see release metadata,P025 has EMG 1--7 only. EMG-master convenience grid; interpolated values do not add native temporal information.,Missing numeric values are represented as empty CSV cells/NaN; consult QC flags and manifests.
processed trimmed,synchronized table,synced_data.csv,EMG 4,Surface-EMG sample from the numbered forearm sensor.,native stream units; see release metadata,P025 has EMG 1--7 only. EMG-master convenience grid; interpolated values do not add native temporal information.,Missing numeric values are represented as empty CSV cells/NaN; consult QC flags and manifests.
processed trimmed,synchronized table,synced_data.csv,EMG 5,Surface-EMG sample from the numbered forearm sensor.,native stream units; see release metadata,P025 has EMG 1--7 only. EMG-master convenience grid; interpolated values do not add native temporal information.,Missing numeric values are represented as empty CSV cells/NaN; consult QC flags and manifests.
processed trimmed,synchronized table,synced_data.csv,EMG 6,Surface-EMG sample from the numbered forearm sensor.,native stream units; see release metadata,P025 has EMG 1--7 only. EMG-master convenience grid; interpolated values do not add native temporal information.,Missing numeric values are represented as empty CSV cells/NaN; consult QC flags and manifests.
processed trimmed,synchronized table,synced_data.csv,EMG 7,Surface-EMG sample from the numbered forearm sensor.,native stream units; see release metadata,P025 has EMG 1--7 only. EMG-master convenience grid; interpolated values do not add native temporal information.,Missing numeric values are represented as empty CSV cells/NaN; consult QC flags and manifests.
processed trimmed,synchronized table,synced_data.csv,EMG 8,Surface-EMG sample from the numbered forearm sensor.,native stream units; see release metadata,P025 has EMG 1--7 only. EMG-master convenience grid; interpolated values do not add native temporal information.,Missing numeric values are represented as empty CSV cells/NaN; consult QC flags and manifests.
processed trimmed,synchronized table,synced_data.csv,middle_N,Calibrated fingertip force for the named sensor.,newtons,Raw files contain acquisition calibration; processed files additionally apply baseline correction and filtering. EMG-master convenience grid; interpolated values do not add native temporal information.,Missing numeric values are represented as empty CSV cells/NaN; consult QC flags and manifests.
processed trimmed,synchronized table,synced_data.csv,index_N,Calibrated fingertip force for the named sensor.,newtons,Raw files contain acquisition calibration; processed files additionally apply baseline correction and filtering. EMG-master convenience grid; interpolated values do not add native temporal information.,Missing numeric values are represented as empty CSV cells/NaN; consult QC flags and manifests.
processed trimmed,synchronized table,synced_data.csv,thumb_N,Calibrated fingertip force for the named sensor.,newtons,Raw files contain acquisition calibration; processed files additionally apply baseline correction and filtering. EMG-master convenience grid; interpolated values do not add native temporal information.,Missing numeric values are represented as empty CSV cells/NaN; consult QC flags and manifests.
processed trimmed,synchronized table,synced_data.csv,index_q1,Psyonic Ability Hand target joint angle derived from teacher-hand tracking.,degrees,"Robotic-hand angle, not an anatomical human-joint angle. EMG-master convenience grid; interpolated values do not add native temporal information.",Missing numeric values are represented as empty CSV cells/NaN; consult QC flags and manifests.
processed trimmed,synchronized table,synced_data.csv,middle_q1,Psyonic Ability Hand target joint angle derived from teacher-hand tracking.,degrees,"Robotic-hand angle, not an anatomical human-joint angle. EMG-master convenience grid; interpolated values do not add native temporal information.",Missing numeric values are represented as empty CSV cells/NaN; consult QC flags and manifests.
processed trimmed,synchronized table,synced_data.csv,ring_q1,Psyonic Ability Hand target joint angle derived from teacher-hand tracking.,degrees,"Robotic-hand angle, not an anatomical human-joint angle. EMG-master convenience grid; interpolated values do not add native temporal information.",Missing numeric values are represented as empty CSV cells/NaN; consult QC flags and manifests.
processed trimmed,synchronized table,synced_data.csv,pinky_q1,Field retained from the source or derived file schema; see processing provenance for details.,see metadata,EMG-master convenience grid; interpolated values do not add native temporal information.,Missing numeric values are represented as empty CSV cells/NaN; consult QC flags and manifests.
processed trimmed,synchronized table,synced_data.csv,thumb_q2,Psyonic Ability Hand target joint angle derived from teacher-hand tracking.,degrees,"Robotic-hand angle, not an anatomical human-joint angle. EMG-master convenience grid; interpolated values do not add native temporal information.",Missing numeric values are represented as empty CSV cells/NaN; consult QC flags and manifests.
processed trimmed,synchronized table,synced_data.csv,thumb_q1,Psyonic Ability Hand target joint angle derived from teacher-hand tracking.,degrees,"Robotic-hand angle, not an anatomical human-joint angle. EMG-master convenience grid; interpolated values do not add native temporal information.",Missing numeric values are represented as empty CSV cells/NaN; consult QC flags and manifests.
processed trimmed,synchronized table,synced_data.csv,IMU 1_ax,Accelerometer component ax from IMU 1.,native stream units; see release metadata,Nine IMU fields per enabled sensor; P025 has sensors 1--7 only. EMG-master convenience grid; interpolated values do not add native temporal information.,Missing numeric values are represented as empty CSV cells/NaN; consult QC flags and manifests.
processed trimmed,synchronized table,synced_data.csv,IMU 1_ay,Accelerometer component ay from IMU 1.,native stream units; see release metadata,Nine IMU fields per enabled sensor; P025 has sensors 1--7 only. EMG-master convenience grid; interpolated values do not add native temporal information.,Missing numeric values are represented as empty CSV cells/NaN; consult QC flags and manifests.
processed trimmed,synchronized table,synced_data.csv,IMU 1_az,Accelerometer component az from IMU 1.,native stream units; see release metadata,Nine IMU fields per enabled sensor; P025 has sensors 1--7 only. EMG-master convenience grid; interpolated values do not add native temporal information.,Missing numeric values are represented as empty CSV cells/NaN; consult QC flags and manifests.
processed trimmed,synchronized table,synced_data.csv,IMU 1_gx,Gyroscope component gx from IMU 1.,native stream units; see release metadata,Nine IMU fields per enabled sensor; P025 has sensors 1--7 only. EMG-master convenience grid; interpolated values do not add native temporal information.,Missing numeric values are represented as empty CSV cells/NaN; consult QC flags and manifests.
processed trimmed,synchronized table,synced_data.csv,IMU 1_gy,Gyroscope component gy from IMU 1.,native stream units; see release metadata,Nine IMU fields per enabled sensor; P025 has sensors 1--7 only. EMG-master convenience grid; interpolated values do not add native temporal information.,Missing numeric values are represented as empty CSV cells/NaN; consult QC flags and manifests.
processed trimmed,synchronized table,synced_data.csv,IMU 1_gz,Gyroscope component gz from IMU 1.,native stream units; see release metadata,Nine IMU fields per enabled sensor; P025 has sensors 1--7 only. EMG-master convenience grid; interpolated values do not add native temporal information.,Missing numeric values are represented as empty CSV cells/NaN; consult QC flags and manifests.
processed trimmed,synchronized table,synced_data.csv,IMU 1_mx,Magnetometer component mx from IMU 1.,native stream units; see release metadata,Nine IMU fields per enabled sensor; P025 has sensors 1--7 only. EMG-master convenience grid; interpolated values do not add native temporal information.,Missing numeric values are represented as empty CSV cells/NaN; consult QC flags and manifests.
processed trimmed,synchronized table,synced_data.csv,IMU 1_my,Magnetometer component my from IMU 1.,native stream units; see release metadata,Nine IMU fields per enabled sensor; P025 has sensors 1--7 only. EMG-master convenience grid; interpolated values do not add native temporal information.,Missing numeric values are represented as empty CSV cells/NaN; consult QC flags and manifests.
processed trimmed,synchronized table,synced_data.csv,IMU 1_mz,Magnetometer component mz from IMU 1.,native stream units; see release metadata,Nine IMU fields per enabled sensor; P025 has sensors 1--7 only. EMG-master convenience grid; interpolated values do not add native temporal information.,Missing numeric values are represented as empty CSV cells/NaN; consult QC flags and manifests.
processed trimmed,synchronized table,synced_data.csv,IMU 2_ax,Accelerometer component ax from IMU 2.,native stream units; see release metadata,Nine IMU fields per enabled sensor; P025 has sensors 1--7 only. EMG-master convenience grid; interpolated values do not add native temporal information.,Missing numeric values are represented as empty CSV cells/NaN; consult QC flags and manifests.
processed trimmed,synchronized table,synced_data.csv,IMU 2_ay,Accelerometer component ay from IMU 2.,native stream units; see release metadata,Nine IMU fields per enabled sensor; P025 has sensors 1--7 only. EMG-master convenience grid; interpolated values do not add native temporal information.,Missing numeric values are represented as empty CSV cells/NaN; consult QC flags and manifests.
processed trimmed,synchronized table,synced_data.csv,IMU 2_az,Accelerometer component az from IMU 2.,native stream units; see release metadata,Nine IMU fields per enabled sensor; P025 has sensors 1--7 only. EMG-master convenience grid; interpolated values do not add native temporal information.,Missing numeric values are represented as empty CSV cells/NaN; consult QC flags and manifests.
processed trimmed,synchronized table,synced_data.csv,IMU 2_gx,Gyroscope component gx from IMU 2.,native stream units; see release metadata,Nine IMU fields per enabled sensor; P025 has sensors 1--7 only. EMG-master convenience grid; interpolated values do not add native temporal information.,Missing numeric values are represented as empty CSV cells/NaN; consult QC flags and manifests.
processed trimmed,synchronized table,synced_data.csv,IMU 2_gy,Gyroscope component gy from IMU 2.,native stream units; see release metadata,Nine IMU fields per enabled sensor; P025 has sensors 1--7 only. EMG-master convenience grid; interpolated values do not add native temporal information.,Missing numeric values are represented as empty CSV cells/NaN; consult QC flags and manifests.
processed trimmed,synchronized table,synced_data.csv,IMU 2_gz,Gyroscope component gz from IMU 2.,native stream units; see release metadata,Nine IMU fields per enabled sensor; P025 has sensors 1--7 only. EMG-master convenience grid; interpolated values do not add native temporal information.,Missing numeric values are represented as empty CSV cells/NaN; consult QC flags and manifests.
processed trimmed,synchronized table,synced_data.csv,IMU 2_mx,Magnetometer component mx from IMU 2.,native stream units; see release metadata,Nine IMU fields per enabled sensor; P025 has sensors 1--7 only. EMG-master convenience grid; interpolated values do not add native temporal information.,Missing numeric values are represented as empty CSV cells/NaN; consult QC flags and manifests.
processed trimmed,synchronized table,synced_data.csv,IMU 2_my,Magnetometer component my from IMU 2.,native stream units; see release metadata,Nine IMU fields per enabled sensor; P025 has sensors 1--7 only. EMG-master convenience grid; interpolated values do not add native temporal information.,Missing numeric values are represented as empty CSV cells/NaN; consult QC flags and manifests.
processed trimmed,synchronized table,synced_data.csv,IMU 2_mz,Magnetometer component mz from IMU 2.,native stream units; see release metadata,Nine IMU fields per enabled sensor; P025 has sensors 1--7 only. EMG-master convenience grid; interpolated values do not add native temporal information.,Missing numeric values are represented as empty CSV cells/NaN; consult QC flags and manifests.
processed trimmed,synchronized table,synced_data.csv,IMU 3_ax,Accelerometer component ax from IMU 3.,native stream units; see release metadata,Nine IMU fields per enabled sensor; P025 has sensors 1--7 only. EMG-master convenience grid; interpolated values do not add native temporal information.,Missing numeric values are represented as empty CSV cells/NaN; consult QC flags and manifests.
processed trimmed,synchronized table,synced_data.csv,IMU 3_ay,Accelerometer component ay from IMU 3.,native stream units; see release metadata,Nine IMU fields per enabled sensor; P025 has sensors 1--7 only. EMG-master convenience grid; interpolated values do not add native temporal information.,Missing numeric values are represented as empty CSV cells/NaN; consult QC flags and manifests.
processed trimmed,synchronized table,synced_data.csv,IMU 3_az,Accelerometer component az from IMU 3.,native stream units; see release metadata,Nine IMU fields per enabled sensor; P025 has sensors 1--7 only. EMG-master convenience grid; interpolated values do not add native temporal information.,Missing numeric values are represented as empty CSV cells/NaN; consult QC flags and manifests.
processed trimmed,synchronized table,synced_data.csv,IMU 3_gx,Gyroscope component gx from IMU 3.,native stream units; see release metadata,Nine IMU fields per enabled sensor; P025 has sensors 1--7 only. EMG-master convenience grid; interpolated values do not add native temporal information.,Missing numeric values are represented as empty CSV cells/NaN; consult QC flags and manifests.
processed trimmed,synchronized table,synced_data.csv,IMU 3_gy,Gyroscope component gy from IMU 3.,native stream units; see release metadata,Nine IMU fields per enabled sensor; P025 has sensors 1--7 only. EMG-master convenience grid; interpolated values do not add native temporal information.,Missing numeric values are represented as empty CSV cells/NaN; consult QC flags and manifests.
processed trimmed,synchronized table,synced_data.csv,IMU 3_gz,Gyroscope component gz from IMU 3.,native stream units; see release metadata,Nine IMU fields per enabled sensor; P025 has sensors 1--7 only. EMG-master convenience grid; interpolated values do not add native temporal information.,Missing numeric values are represented as empty CSV cells/NaN; consult QC flags and manifests.
processed trimmed,synchronized table,synced_data.csv,IMU 3_mx,Magnetometer component mx from IMU 3.,native stream units; see release metadata,Nine IMU fields per enabled sensor; P025 has sensors 1--7 only. EMG-master convenience grid; interpolated values do not add native temporal information.,Missing numeric values are represented as empty CSV cells/NaN; consult QC flags and manifests.
processed trimmed,synchronized table,synced_data.csv,IMU 3_my,Magnetometer component my from IMU 3.,native stream units; see release metadata,Nine IMU fields per enabled sensor; P025 has sensors 1--7 only. EMG-master convenience grid; interpolated values do not add native temporal information.,Missing numeric values are represented as empty CSV cells/NaN; consult QC flags and manifests.
processed trimmed,synchronized table,synced_data.csv,IMU 3_mz,Magnetometer component mz from IMU 3.,native stream units; see release metadata,Nine IMU fields per enabled sensor; P025 has sensors 1--7 only. EMG-master convenience grid; interpolated values do not add native temporal information.,Missing numeric values are represented as empty CSV cells/NaN; consult QC flags and manifests.
processed trimmed,synchronized table,synced_data.csv,IMU 4_ax,Accelerometer component ax from IMU 4.,native stream units; see release metadata,Nine IMU fields per enabled sensor; P025 has sensors 1--7 only. EMG-master convenience grid; interpolated values do not add native temporal information.,Missing numeric values are represented as empty CSV cells/NaN; consult QC flags and manifests.
processed trimmed,synchronized table,synced_data.csv,IMU 4_ay,Accelerometer component ay from IMU 4.,native stream units; see release metadata,Nine IMU fields per enabled sensor; P025 has sensors 1--7 only. EMG-master convenience grid; interpolated values do not add native temporal information.,Missing numeric values are represented as empty CSV cells/NaN; consult QC flags and manifests.
processed trimmed,synchronized table,synced_data.csv,IMU 4_az,Accelerometer component az from IMU 4.,native stream units; see release metadata,Nine IMU fields per enabled sensor; P025 has sensors 1--7 only. EMG-master convenience grid; interpolated values do not add native temporal information.,Missing numeric values are represented as empty CSV cells/NaN; consult QC flags and manifests.
processed trimmed,synchronized table,synced_data.csv,IMU 4_gx,Gyroscope component gx from IMU 4.,native stream units; see release metadata,Nine IMU fields per enabled sensor; P025 has sensors 1--7 only. EMG-master convenience grid; interpolated values do not add native temporal information.,Missing numeric values are represented as empty CSV cells/NaN; consult QC flags and manifests.
processed trimmed,synchronized table,synced_data.csv,IMU 4_gy,Gyroscope component gy from IMU 4.,native stream units; see release metadata,Nine IMU fields per enabled sensor; P025 has sensors 1--7 only. EMG-master convenience grid; interpolated values do not add native temporal information.,Missing numeric values are represented as empty CSV cells/NaN; consult QC flags and manifests.
processed trimmed,synchronized table,synced_data.csv,IMU 4_gz,Gyroscope component gz from IMU 4.,native stream units; see release metadata,Nine IMU fields per enabled sensor; P025 has sensors 1--7 only. EMG-master convenience grid; interpolated values do not add native temporal information.,Missing numeric values are represented as empty CSV cells/NaN; consult QC flags and manifests.
processed trimmed,synchronized table,synced_data.csv,IMU 4_mx,Magnetometer component mx from IMU 4.,native stream units; see release metadata,Nine IMU fields per enabled sensor; P025 has sensors 1--7 only. EMG-master convenience grid; interpolated values do not add native temporal information.,Missing numeric values are represented as empty CSV cells/NaN; consult QC flags and manifests.
processed trimmed,synchronized table,synced_data.csv,IMU 4_my,Magnetometer component my from IMU 4.,native stream units; see release metadata,Nine IMU fields per enabled sensor; P025 has sensors 1--7 only. EMG-master convenience grid; interpolated values do not add native temporal information.,Missing numeric values are represented as empty CSV cells/NaN; consult QC flags and manifests.
processed trimmed,synchronized table,synced_data.csv,IMU 4_mz,Magnetometer component mz from IMU 4.,native stream units; see release metadata,Nine IMU fields per enabled sensor; P025 has sensors 1--7 only. EMG-master convenience grid; interpolated values do not add native temporal information.,Missing numeric values are represented as empty CSV cells/NaN; consult QC flags and manifests.
processed trimmed,synchronized table,synced_data.csv,IMU 5_ax,Accelerometer component ax from IMU 5.,native stream units; see release metadata,Nine IMU fields per enabled sensor; P025 has sensors 1--7 only. EMG-master convenience grid; interpolated values do not add native temporal information.,Missing numeric values are represented as empty CSV cells/NaN; consult QC flags and manifests.
processed trimmed,synchronized table,synced_data.csv,IMU 5_ay,Accelerometer component ay from IMU 5.,native stream units; see release metadata,Nine IMU fields per enabled sensor; P025 has sensors 1--7 only. EMG-master convenience grid; interpolated values do not add native temporal information.,Missing numeric values are represented as empty CSV cells/NaN; consult QC flags and manifests.
processed trimmed,synchronized table,synced_data.csv,IMU 5_az,Accelerometer component az from IMU 5.,native stream units; see release metadata,Nine IMU fields per enabled sensor; P025 has sensors 1--7 only. EMG-master convenience grid; interpolated values do not add native temporal information.,Missing numeric values are represented as empty CSV cells/NaN; consult QC flags and manifests.
processed trimmed,synchronized table,synced_data.csv,IMU 5_gx,Gyroscope component gx from IMU 5.,native stream units; see release metadata,Nine IMU fields per enabled sensor; P025 has sensors 1--7 only. EMG-master convenience grid; interpolated values do not add native temporal information.,Missing numeric values are represented as empty CSV cells/NaN; consult QC flags and manifests.
processed trimmed,synchronized table,synced_data.csv,IMU 5_gy,Gyroscope component gy from IMU 5.,native stream units; see release metadata,Nine IMU fields per enabled sensor; P025 has sensors 1--7 only. EMG-master convenience grid; interpolated values do not add native temporal information.,Missing numeric values are represented as empty CSV cells/NaN; consult QC flags and manifests.
processed trimmed,synchronized table,synced_data.csv,IMU 5_gz,Gyroscope component gz from IMU 5.,native stream units; see release metadata,Nine IMU fields per enabled sensor; P025 has sensors 1--7 only. EMG-master convenience grid; interpolated values do not add native temporal information.,Missing numeric values are represented as empty CSV cells/NaN; consult QC flags and manifests.
processed trimmed,synchronized table,synced_data.csv,IMU 5_mx,Magnetometer component mx from IMU 5.,native stream units; see release metadata,Nine IMU fields per enabled sensor; P025 has sensors 1--7 only. EMG-master convenience grid; interpolated values do not add native temporal information.,Missing numeric values are represented as empty CSV cells/NaN; consult QC flags and manifests.
processed trimmed,synchronized table,synced_data.csv,IMU 5_my,Magnetometer component my from IMU 5.,native stream units; see release metadata,Nine IMU fields per enabled sensor; P025 has sensors 1--7 only. EMG-master convenience grid; interpolated values do not add native temporal information.,Missing numeric values are represented as empty CSV cells/NaN; consult QC flags and manifests.
processed trimmed,synchronized table,synced_data.csv,IMU 5_mz,Magnetometer component mz from IMU 5.,native stream units; see release metadata,Nine IMU fields per enabled sensor; P025 has sensors 1--7 only. EMG-master convenience grid; interpolated values do not add native temporal information.,Missing numeric values are represented as empty CSV cells/NaN; consult QC flags and manifests.
processed trimmed,synchronized table,synced_data.csv,IMU 6_ax,Accelerometer component ax from IMU 6.,native stream units; see release metadata,Nine IMU fields per enabled sensor; P025 has sensors 1--7 only. EMG-master convenience grid; interpolated values do not add native temporal information.,Missing numeric values are represented as empty CSV cells/NaN; consult QC flags and manifests.
processed trimmed,synchronized table,synced_data.csv,IMU 6_ay,Accelerometer component ay from IMU 6.,native stream units; see release metadata,Nine IMU fields per enabled sensor; P025 has sensors 1--7 only. EMG-master convenience grid; interpolated values do not add native temporal information.,Missing numeric values are represented as empty CSV cells/NaN; consult QC flags and manifests.
processed trimmed,synchronized table,synced_data.csv,IMU 6_az,Accelerometer component az from IMU 6.,native stream units; see release metadata,Nine IMU fields per enabled sensor; P025 has sensors 1--7 only. EMG-master convenience grid; interpolated values do not add native temporal information.,Missing numeric values are represented as empty CSV cells/NaN; consult QC flags and manifests.
processed trimmed,synchronized table,synced_data.csv,IMU 6_gx,Gyroscope component gx from IMU 6.,native stream units; see release metadata,Nine IMU fields per enabled sensor; P025 has sensors 1--7 only. EMG-master convenience grid; interpolated values do not add native temporal information.,Missing numeric values are represented as empty CSV cells/NaN; consult QC flags and manifests.
processed trimmed,synchronized table,synced_data.csv,IMU 6_gy,Gyroscope component gy from IMU 6.,native stream units; see release metadata,Nine IMU fields per enabled sensor; P025 has sensors 1--7 only. EMG-master convenience grid; interpolated values do not add native temporal information.,Missing numeric values are represented as empty CSV cells/NaN; consult QC flags and manifests.
processed trimmed,synchronized table,synced_data.csv,IMU 6_gz,Gyroscope component gz from IMU 6.,native stream units; see release metadata,Nine IMU fields per enabled sensor; P025 has sensors 1--7 only. EMG-master convenience grid; interpolated values do not add native temporal information.,Missing numeric values are represented as empty CSV cells/NaN; consult QC flags and manifests.
processed trimmed,synchronized table,synced_data.csv,IMU 6_mx,Magnetometer component mx from IMU 6.,native stream units; see release metadata,Nine IMU fields per enabled sensor; P025 has sensors 1--7 only. EMG-master convenience grid; interpolated values do not add native temporal information.,Missing numeric values are represented as empty CSV cells/NaN; consult QC flags and manifests.
processed trimmed,synchronized table,synced_data.csv,IMU 6_my,Magnetometer component my from IMU 6.,native stream units; see release metadata,Nine IMU fields per enabled sensor; P025 has sensors 1--7 only. EMG-master convenience grid; interpolated values do not add native temporal information.,Missing numeric values are represented as empty CSV cells/NaN; consult QC flags and manifests.
processed trimmed,synchronized table,synced_data.csv,IMU 6_mz,Magnetometer component mz from IMU 6.,native stream units; see release metadata,Nine IMU fields per enabled sensor; P025 has sensors 1--7 only. EMG-master convenience grid; interpolated values do not add native temporal information.,Missing numeric values are represented as empty CSV cells/NaN; consult QC flags and manifests.
processed trimmed,synchronized table,synced_data.csv,IMU 7_ax,Accelerometer component ax from IMU 7.,native stream units; see release metadata,Nine IMU fields per enabled sensor; P025 has sensors 1--7 only. EMG-master convenience grid; interpolated values do not add native temporal information.,Missing numeric values are represented as empty CSV cells/NaN; consult QC flags and manifests.
processed trimmed,synchronized table,synced_data.csv,IMU 7_ay,Accelerometer component ay from IMU 7.,native stream units; see release metadata,Nine IMU fields per enabled sensor; P025 has sensors 1--7 only. EMG-master convenience grid; interpolated values do not add native temporal information.,Missing numeric values are represented as empty CSV cells/NaN; consult QC flags and manifests.
processed trimmed,synchronized table,synced_data.csv,IMU 7_az,Accelerometer component az from IMU 7.,native stream units; see release metadata,Nine IMU fields per enabled sensor; P025 has sensors 1--7 only. EMG-master convenience grid; interpolated values do not add native temporal information.,Missing numeric values are represented as empty CSV cells/NaN; consult QC flags and manifests.
processed trimmed,synchronized table,synced_data.csv,IMU 7_gx,Gyroscope component gx from IMU 7.,native stream units; see release metadata,Nine IMU fields per enabled sensor; P025 has sensors 1--7 only. EMG-master convenience grid; interpolated values do not add native temporal information.,Missing numeric values are represented as empty CSV cells/NaN; consult QC flags and manifests.
processed trimmed,synchronized table,synced_data.csv,IMU 7_gy,Gyroscope component gy from IMU 7.,native stream units; see release metadata,Nine IMU fields per enabled sensor; P025 has sensors 1--7 only. EMG-master convenience grid; interpolated values do not add native temporal information.,Missing numeric values are represented as empty CSV cells/NaN; consult QC flags and manifests.
processed trimmed,synchronized table,synced_data.csv,IMU 7_gz,Gyroscope component gz from IMU 7.,native stream units; see release metadata,Nine IMU fields per enabled sensor; P025 has sensors 1--7 only. EMG-master convenience grid; interpolated values do not add native temporal information.,Missing numeric values are represented as empty CSV cells/NaN; consult QC flags and manifests.
processed trimmed,synchronized table,synced_data.csv,IMU 7_mx,Magnetometer component mx from IMU 7.,native stream units; see release metadata,Nine IMU fields per enabled sensor; P025 has sensors 1--7 only. EMG-master convenience grid; interpolated values do not add native temporal information.,Missing numeric values are represented as empty CSV cells/NaN; consult QC flags and manifests.
processed trimmed,synchronized table,synced_data.csv,IMU 7_my,Magnetometer component my from IMU 7.,native stream units; see release metadata,Nine IMU fields per enabled sensor; P025 has sensors 1--7 only. EMG-master convenience grid; interpolated values do not add native temporal information.,Missing numeric values are represented as empty CSV cells/NaN; consult QC flags and manifests.
processed trimmed,synchronized table,synced_data.csv,IMU 7_mz,Magnetometer component mz from IMU 7.,native stream units; see release metadata,Nine IMU fields per enabled sensor; P025 has sensors 1--7 only. EMG-master convenience grid; interpolated values do not add native temporal information.,Missing numeric values are represented as empty CSV cells/NaN; consult QC flags and manifests.
processed trimmed,synchronized table,synced_data.csv,IMU 8_ax,Accelerometer component ax from IMU 8.,native stream units; see release metadata,Nine IMU fields per enabled sensor; P025 has sensors 1--7 only. EMG-master convenience grid; interpolated values do not add native temporal information.,Missing numeric values are represented as empty CSV cells/NaN; consult QC flags and manifests.
processed trimmed,synchronized table,synced_data.csv,IMU 8_ay,Accelerometer component ay from IMU 8.,native stream units; see release metadata,Nine IMU fields per enabled sensor; P025 has sensors 1--7 only. EMG-master convenience grid; interpolated values do not add native temporal information.,Missing numeric values are represented as empty CSV cells/NaN; consult QC flags and manifests.
processed trimmed,synchronized table,synced_data.csv,IMU 8_az,Accelerometer component az from IMU 8.,native stream units; see release metadata,Nine IMU fields per enabled sensor; P025 has sensors 1--7 only. EMG-master convenience grid; interpolated values do not add native temporal information.,Missing numeric values are represented as empty CSV cells/NaN; consult QC flags and manifests.
processed trimmed,synchronized table,synced_data.csv,IMU 8_gx,Gyroscope component gx from IMU 8.,native stream units; see release metadata,Nine IMU fields per enabled sensor; P025 has sensors 1--7 only. EMG-master convenience grid; interpolated values do not add native temporal information.,Missing numeric values are represented as empty CSV cells/NaN; consult QC flags and manifests.
processed trimmed,synchronized table,synced_data.csv,IMU 8_gy,Gyroscope component gy from IMU 8.,native stream units; see release metadata,Nine IMU fields per enabled sensor; P025 has sensors 1--7 only. EMG-master convenience grid; interpolated values do not add native temporal information.,Missing numeric values are represented as empty CSV cells/NaN; consult QC flags and manifests.
processed trimmed,synchronized table,synced_data.csv,IMU 8_gz,Gyroscope component gz from IMU 8.,native stream units; see release metadata,Nine IMU fields per enabled sensor; P025 has sensors 1--7 only. EMG-master convenience grid; interpolated values do not add native temporal information.,Missing numeric values are represented as empty CSV cells/NaN; consult QC flags and manifests.
processed trimmed,synchronized table,synced_data.csv,IMU 8_mx,Magnetometer component mx from IMU 8.,native stream units; see release metadata,Nine IMU fields per enabled sensor; P025 has sensors 1--7 only. EMG-master convenience grid; interpolated values do not add native temporal information.,Missing numeric values are represented as empty CSV cells/NaN; consult QC flags and manifests.
processed trimmed,synchronized table,synced_data.csv,IMU 8_my,Magnetometer component my from IMU 8.,native stream units; see release metadata,Nine IMU fields per enabled sensor; P025 has sensors 1--7 only. EMG-master convenience grid; interpolated values do not add native temporal information.,Missing numeric values are represented as empty CSV cells/NaN; consult QC flags and manifests.
processed trimmed,synchronized table,synced_data.csv,IMU 8_mz,Magnetometer component mz from IMU 8.,native stream units; see release metadata,Nine IMU fields per enabled sensor; P025 has sensors 1--7 only. EMG-master convenience grid; interpolated values do not add native temporal information.,Missing numeric values are represented as empty CSV cells/NaN; consult QC flags and manifests.
